osmid,y,x,highway,street_count,ref,geometry
158030029,35.6618918,139.7021916,traffic_signals,4,,POINT (139.7021916 35.6618918)
196971409,35.6581259,139.703018,,4,,POINT (139.703018 35.6581259)
241864247,35.6557327,139.6988992,,4,,POINT (139.6988992 35.6557327)
241895769,35.6549741,139.6981655,,4,,POINT (139.6981655 35.6549741)
241895777,35.6537126,139.6990128,,3,,POINT (139.6990128 35.6537126)
241895780,35.6540317,139.6996059,,4,,POINT (139.6996059 35.6540317)
241895788,35.6550592,139.6995265,,3,,POINT (139.6995265 35.6550592)
244091664,35.6544064,139.6971136,,3,,POINT (139.6971136 35.6544064)
244091667,35.6536537,139.6975866,,3,,POINT (139.6975866 35.6536537)
244091670,35.6528974,139.6980581,traffic_signals,5,,POINT (139.6980581 35.6528974)
244091677,35.6504678,139.6995041,traffic_signals,4,,POINT (139.6995041 35.6504678)
244091678,35.650074,139.6999272,,3,,POINT (139.6999272 35.650074)
250652228,35.6623691,139.6992797,traffic_signals,4,,POINT (139.6992797 35.6623691)
250652229,35.6623523,139.6985495,,3,,POINT (139.6985495 35.6623523)
250652233,35.6621911,139.6973246,traffic_signals,3,,POINT (139.6973246 35.6621911)
251860144,35.6463282,139.7053121,traffic_signals,3,,POINT (139.7053121 35.6463282)
252674261,35.6604246,139.7008252,traffic_signals,4,,POINT (139.7008252 35.6604246)
252674320,35.6622055,139.7008289,traffic_signals,4,,POINT (139.7008289 35.6622055)
252674360,35.6636091,139.6954918,traffic_signals,4,,POINT (139.6954918 35.6636091)
252674916,35.6631165,139.6914492,,4,,POINT (139.6914492 35.6631165)
252675052,35.6626902,139.6935031,,3,,POINT (139.6935031 35.6626902)
252675054,35.6623274,139.6940466,,4,,POINT (139.6940466 35.6623274)
252675164,35.6617154,139.693753,,3,,POINT (139.693753 35.6617154)
252675166,35.6615602,139.6934678,,3,,POINT (139.6934678 35.6615602)
252675167,35.6607393,139.6920321,,3,,POINT (139.6920321 35.6607393)
252675555,35.6604985,139.6947838,,3,,POINT (139.6947838 35.6604985)
252675826,35.6605088,139.6969026,traffic_signals,3,,POINT (139.6969026 35.6605088)
252675828,35.6594998,139.6994352,,3,,POINT (139.6994352 35.6594998)
252676409,35.659672,139.7031871,,3,,POINT (139.7031871 35.659672)
252677193,35.6519581,139.7043941,,3,,POINT (139.7043941 35.6519581)
252677196,35.6509538,139.7035152,,3,,POINT (139.7035152 35.6509538)
252677197,35.6502109,139.7028101,traffic_signals,3,,POINT (139.7028101 35.6502109)
252677329,35.6474583,139.7018097,traffic_signals,4,,POINT (139.7018097 35.6474583)
252683741,35.6636147,139.7021031,traffic_signals,4,,POINT (139.7021031 35.6636147)
252683801,35.6595405,139.7023676,,4,,POINT (139.7023676 35.6595405)
252835044,35.6586193,139.7046707,,3,,POINT (139.7046707 35.6586193)
252835330,35.6580573,139.7043246,,4,,POINT (139.7043246 35.6580573)
252835332,35.6560881,139.6974,,7,,POINT (139.6974 35.6560881)
252835340,35.6522309,139.6882512,traffic_signals,4,,POINT (139.6882512 35.6522309)
253890308,35.657964,139.703173,,5,,POINT (139.703173 35.657964)
256000461,35.6572202,139.7009122,,5,331-32,POINT (139.7009122 35.6572202)
256180207,35.6582221,139.7037968,,3,,POINT (139.7037968 35.6582221)
256180209,35.6601988,139.706007,traffic_signals,7,,POINT (139.706007 35.6601988)
256186110,35.6520308,139.6870317,,4,,POINT (139.6870317 35.6520308)
256368886,35.6528464,139.6895341,,3,,POINT (139.6895341 35.6528464)
256368891,35.6553606,139.690166,,4,,POINT (139.690166 35.6553606)
256368895,35.6547662,139.6926722,traffic_signals,5,,POINT (139.6926722 35.6547662)
256368896,35.6545891,139.6928885,,3,,POINT (139.6928885 35.6545891)
256368898,35.6545495,139.6937008,,3,,POINT (139.6937008 35.6545495)
256389145,35.6597533,139.689276,,3,,POINT (139.689276 35.6597533)
256389147,35.6620849,139.6874873,traffic_signals,4,,POINT (139.6874873 35.6620849)
258035066,35.6580679,139.7046917,,4,,POINT (139.7046917 35.6580679)
258035067,35.6583359,139.7047655,,3,,POINT (139.7047655 35.6583359)
258037413,35.6637103,139.6878625,,3,,POINT (139.6878625 35.6637103)
258037420,35.6603461,139.6888989,traffic_signals,4,,POINT (139.6888989 35.6603461)
258037421,35.6598865,139.6892569,,4,,POINT (139.6892569 35.6598865)
258037422,35.6578992,139.6909755,traffic_signals,4,,POINT (139.6909755 35.6578992)
258037423,35.6573343,139.6911771,,3,,POINT (139.6911771 35.6573343)
258037424,35.6558953,139.6918539,traffic_signals,4,,POINT (139.6918539 35.6558953)
258037427,35.6631398,139.6876149,,3,,POINT (139.6876149 35.6631398)
264008196,35.652831,139.6899211,,3,,POINT (139.6899211 35.652831)
291758776,35.6594821,139.7005723,,6,,POINT (139.7005723 35.6594821)
309701920,35.6611203,139.7008298,traffic_signals,3,,POINT (139.7008298 35.6611203)
309701958,35.6574231,139.7008076,,4,331-32,POINT (139.7008076 35.6574231)
309701965,35.6572409,139.7009719,,4,331-32,POINT (139.7009719 35.6572409)
318825703,35.6557856,139.6839464,traffic_signals,3,,POINT (139.6839464 35.6557856)
318825746,35.6553497,139.6866893,traffic_signals,3,,POINT (139.6866893 35.6553497)
318825940,35.6553417,139.6874243,,3,,POINT (139.6874243 35.6553417)
318825994,35.6554508,139.689624,,3,,POINT (139.689624 35.6554508)
318826019,35.6553583,139.6881634,traffic_signals,4,,POINT (139.6881634 35.6553583)
318826043,35.655295,139.6901357,,4,,POINT (139.6901357 35.655295)
318826052,35.6549892,139.6916875,,5,,POINT (139.6916875 35.6549892)
318826081,35.655339,139.6902769,,5,,POINT (139.6902769 35.655339)
318826086,35.6552762,139.6902493,,4,,POINT (139.6902493 35.6552762)
318826095,35.6555015,139.6902287,,3,,POINT (139.6902287 35.6555015)
318826183,35.65663,139.6914765,,3,,POINT (139.6914765 35.65663)
318826197,35.6578687,139.6907434,traffic_signals,4,,POINT (139.6907434 35.6578687)
318826221,35.6621242,139.6877149,traffic_signals,3,,POINT (139.6877149 35.6621242)
330384175,35.6557919,139.6934907,,4,,POINT (139.6934907 35.6557919)
340381569,35.6467269,139.7055106,,3,,POINT (139.7055106 35.6467269)
353651824,35.6632085,139.6942468,,3,,POINT (139.6942468 35.6632085)
353660172,35.6613544,139.6980128,,3,,POINT (139.6980128 35.6613544)
353661237,35.6617607,139.6977258,,3,,POINT (139.6977258 35.6617607)
353661308,35.6613224,139.6970717,,4,,POINT (139.6970717 35.6613224)
356642816,35.6591565,139.6981983,,3,,POINT (139.6981983 35.6591565)
356643555,35.6583822,139.6986279,,3,,POINT (139.6986279 35.6583822)
356643557,35.658014,139.6988198,,3,,POINT (139.6988198 35.658014)
356643559,35.6575912,139.6990552,,1,,POINT (139.6990552 35.6575912)
356643647,35.6573092,139.698877,,2,,POINT (139.698877 35.6573092)
356644261,35.6575015,139.6961629,traffic_signals,4,,POINT (139.6961629 35.6575015)
356644262,35.656735,139.6956399,,3,,POINT (139.6956399 35.656735)
356644779,35.65605,139.6952052,crossing,3,,POINT (139.6952052 35.65605)
356645085,35.6552361,139.6942551,,3,,POINT (139.6942551 35.6552361)
356646885,35.6572971,139.6911903,,3,,POINT (139.6911903 35.6572971)
356646903,35.6603047,139.6888222,traffic_signals,3,,POINT (139.6888222 35.6603047)
366820914,35.6578075,139.6852453,,4,,POINT (139.6852453 35.6578075)
366820926,35.6577117,139.6860404,,4,,POINT (139.6860404 35.6577117)
366821226,35.6574975,139.6859877,,4,,POINT (139.6859877 35.6574975)
366821232,35.6579181,139.686056,,1,,POINT (139.686056 35.6579181)
366821707,35.6580754,139.6860615,,1,,POINT (139.6860615 35.6580754)
366822338,35.6575364,139.6875144,,3,,POINT (139.6875144 35.6575364)
366856009,35.6539064,139.6934199,,4,,POINT (139.6934199 35.6539064)
366856257,35.6541152,139.693246,,4,,POINT (139.693246 35.6541152)
366856266,35.6542745,139.6934335,,3,,POINT (139.6934335 35.6542745)
366867265,35.6464786,139.6960486,traffic_signals,4,,POINT (139.6960486 35.6464786)
366868320,35.6478575,139.6974513,,4,,POINT (139.6974513 35.6478575)
366868413,35.6469776,139.6966652,,4,,POINT (139.6966652 35.6469776)
366868431,35.6471193,139.6967886,,4,,POINT (139.6967886 35.6471193)
366871381,35.6500517,139.6928281,,3,,POINT (139.6928281 35.6500517)
366871382,35.6501553,139.692806,,3,,POINT (139.692806 35.6501553)
366871604,35.6487872,139.6947767,traffic_signals,4,,POINT (139.6947767 35.6487872)
366873839,35.6501303,139.6917058,,3,,POINT (139.6917058 35.6501303)
366874263,35.6499623,139.6916921,,3,,POINT (139.6916921 35.6499623)
366874268,35.6508128,139.6916547,,3,,POINT (139.6916547 35.6508128)
366874681,35.6508057,139.690872,,3,,POINT (139.690872 35.6508057)
366876440,35.6506704,139.6900225,,3,,POINT (139.6900225 35.6506704)
366876596,35.6506889,139.689784,traffic_signals,3,,POINT (139.689784 35.6506889)
366877418,35.6510725,139.6896155,traffic_signals,4,,POINT (139.6896155 35.6510725)
366877782,35.6503973,139.6889825,,3,,POINT (139.6889825 35.6503973)
366877978,35.6507936,139.6885552,,3,,POINT (139.6885552 35.6507936)
366878301,35.649931,139.6882671,,4,,POINT (139.6882671 35.649931)
366878309,35.6501109,139.6882742,,4,,POINT (139.6882742 35.6501109)
366878774,35.650501,139.6871428,,3,,POINT (139.6871428 35.650501)
366879355,35.6503452,139.6869753,,4,,POINT (139.6869753 35.6503452)
366879822,35.6507551,139.6864427,,4,,POINT (139.6864427 35.6507551)
366879897,35.6509047,139.6866147,,3,,POINT (139.6866147 35.6509047)
366880454,35.6513276,139.6860726,,3,,POINT (139.6860726 35.6513276)
366881554,35.6511879,139.6858008,,3,,POINT (139.6858008 35.6511879)
366882016,35.6502608,139.6840673,traffic_signals,3,,POINT (139.6840673 35.6502608)
366882127,35.6504778,139.6839195,traffic_signals,3,,POINT (139.6839195 35.6504778)
372516209,35.6581266,139.6989857,,2,,POINT (139.6989857 35.6581266)
381044653,35.6563057,139.6973037,,6,,POINT (139.6973037 35.6563057)
381044679,35.6566956,139.6969684,,4,,POINT (139.6969684 35.6566956)
381063833,35.6558551,139.6951214,,6,,POINT (139.6951214 35.6558551)
381087682,35.6574863,139.6916695,,3,,POINT (139.6916695 35.6574863)
381087686,35.6572385,139.6917818,,3,,POINT (139.6917818 35.6572385)
381087690,35.6568981,139.6919355,,4,,POINT (139.6919355 35.6568981)
381087694,35.656542,139.6920244,,3,,POINT (139.6920244 35.656542)
381088628,35.6577673,139.6930377,,3,,POINT (139.6930377 35.6577673)
381088629,35.6579072,139.6933625,,3,,POINT (139.6933625 35.6579072)
381089764,35.6573745,139.6938659,,3,,POINT (139.6938659 35.6573745)
381091881,35.6573275,139.6938805,,3,,POINT (139.6938805 35.6573275)
381091890,35.6571687,139.6938965,,3,,POINT (139.6938965 35.6571687)
381100947,35.6571929,139.6940916,,1,,POINT (139.6940916 35.6571929)
381101551,35.6570287,139.6932434,,3,,POINT (139.6932434 35.6570287)
381104515,35.6553907,139.6899833,,3,,POINT (139.6899833 35.6553907)
381107709,35.6571431,139.6882044,,3,,POINT (139.6882044 35.6571431)
381107729,35.6572731,139.6874731,,4,,POINT (139.6874731 35.6572731)
381109158,35.6574441,139.6883455,,3,,POINT (139.6883455 35.6574441)
381111823,35.6574817,139.6881327,,3,,POINT (139.6881327 35.6574817)
381111847,35.6576625,139.6901564,,4,,POINT (139.6901564 35.6576625)
381111850,35.657828,139.6904162,,3,,POINT (139.6904162 35.657828)
381113995,35.6577924,139.6900561,,4,,POINT (139.6900561 35.6577924)
381114000,35.6571419,139.6905302,,3,,POINT (139.6905302 35.6571419)
381116790,35.6572829,139.6909112,,3,,POINT (139.6909112 35.6572829)
381118692,35.6585713,139.6901666,,3,,POINT (139.6901666 35.6585713)
381119175,35.6583208,139.6896025,,4,,POINT (139.6896025 35.6583208)
381119715,35.6578179,139.6892337,,3,,POINT (139.6892337 35.6578179)
381122277,35.657893,139.68907,,3,,POINT (139.68907 35.657893)
381122946,35.657562,139.6876976,,3,,POINT (139.6876976 35.657562)
381123670,35.6576236,139.6875781,,3,,POINT (139.6875781 35.6576236)
381126108,35.6581143,139.6873771,,1,,POINT (139.6873771 35.6581143)
381127906,35.6582154,139.6860613,,1,,POINT (139.6860613 35.6582154)
381134582,35.658465,139.6849653,,1,,POINT (139.6849653 35.658465)
382020746,35.657512,139.7047321,,3,,POINT (139.7047321 35.657512)
383209687,35.6484763,139.7052872,,4,,POINT (139.7052872 35.6484763)
383209698,35.6497813,139.7053558,,4,,POINT (139.7053558 35.6497813)
383209708,35.6507391,139.7032506,traffic_signals,3,,POINT (139.7032506 35.6507391)
383209719,35.6542275,139.7009878,traffic_signals,4,,POINT (139.7009878 35.6542275)
383209721,35.6546584,139.7010893,,4,,POINT (139.7010893 35.6546584)
383209726,35.6555776,139.7013223,,3,,POINT (139.7013223 35.6555776)
387766329,35.6533961,139.7059625,,3,,POINT (139.7059625 35.6533961)
387766340,35.6507832,139.7057227,,3,,POINT (139.7057227 35.6507832)
387766346,35.6478999,139.704263,,4,,POINT (139.704263 35.6478999)
501152156,35.6512914,139.6854202,,3,,POINT (139.6854202 35.6512914)
508448391,35.6622959,139.6971076,,3,,POINT (139.6971076 35.6622959)
508449297,35.6631762,139.6959362,,3,,POINT (139.6959362 35.6631762)
508450686,35.6638367,139.6958742,,3,,POINT (139.6958742 35.6638367)
508461422,35.6634024,139.6888693,,3,,POINT (139.6888693 35.6634024)
508461427,35.6632988,139.6885113,,4,,POINT (139.6885113 35.6632988)
508462133,35.6628595,139.6877919,,3,,POINT (139.6877919 35.6628595)
508463065,35.6634536,139.6866079,,4,,POINT (139.6866079 35.6634536)
508463072,35.6629926,139.6863594,,4,,POINT (139.6863594 35.6629926)
508465517,35.6633005,139.6854777,,4,,POINT (139.6854777 35.6633005)
508471917,35.6628446,139.6852318,,3,,POINT (139.6852318 35.6628446)
517547593,35.6634282,139.7057707,,3,,POINT (139.7057707 35.6634282)
517547656,35.663809,139.7046687,,3,,POINT (139.7046687 35.663809)
517547666,35.6631833,139.7055168,,3,,POINT (139.7055168 35.6631833)
517547679,35.6637547,139.7040172,,3,,POINT (139.7040172 35.6637547)
517547690,35.6629617,139.7053009,,3,,POINT (139.7053009 35.6629617)
517547737,35.6617285,139.702791,,3,,POINT (139.702791 35.6617285)
517547743,35.6612256,139.7043701,traffic_signals,4,,POINT (139.7043701 35.6612256)
517547751,35.6610178,139.7037321,,3,,POINT (139.7037321 35.6610178)
517547760,35.6618459,139.7052925,,4,,POINT (139.7052925 35.6618459)
517547773,35.660905,139.704929,,4,,POINT (139.704929 35.660905)
517547779,35.6607314,139.7046028,,3,,POINT (139.7046028 35.6607314)
517547785,35.6605922,139.7038751,,3,,POINT (139.7038751 35.6605922)
517547790,35.660413,139.7030313,,3,,POINT (139.7030313 35.660413)
517547803,35.6624943,139.7032488,,3,,POINT (139.7032488 35.6624943)
517547805,35.6621628,139.7043119,,3,,POINT (139.7043119 35.6621628)
517547813,35.6614966,139.7058193,,4,,POINT (139.7058193 35.6614966)
517547865,35.6599638,139.7048765,,4,,POINT (139.7048765 35.6599638)
517547870,35.6603434,139.7047595,,3,,POINT (139.7047595 35.6603434)
517547875,35.6605735,139.7054921,,4,,POINT (139.7054921 35.6605735)
517547879,35.6612449,139.705462,,3,,POINT (139.705462 35.6612449)
517547881,35.6608314,139.7058609,,3,,POINT (139.7058609 35.6608314)
517547892,35.6630668,139.7051218,,3,,POINT (139.7051218 35.6630668)
517547908,35.6633109,139.7037444,,3,,POINT (139.7037444 35.6633109)
517547922,35.6628211,139.7039859,,1,,POINT (139.7039859 35.6628211)
517547925,35.6632156,139.703677,,3,,POINT (139.703677 35.6632156)
517547930,35.6635729,139.702692,,3,,POINT (139.702692 35.6635729)
555997955,35.6620732,139.6872051,,3,,POINT (139.6872051 35.6620732)
597689460,35.662017,139.6994679,,3,,POINT (139.6994679 35.662017)
597689467,35.6634312,139.6992449,traffic_signals,4,,POINT (139.6992449 35.6634312)
597694222,35.6633323,139.6952584,,3,,POINT (139.6952584 35.6633323)
597694912,35.6624813,139.6950968,,3,,POINT (139.6950968 35.6624813)
597717395,35.6620749,139.6943792,,3,,POINT (139.6943792 35.6620749)
597717528,35.6626633,139.6944418,,4,,POINT (139.6944418 35.6626633)
597717529,35.662351,139.6948587,,4,,POINT (139.6948587 35.662351)
597717749,35.6610939,139.6952222,,3,,POINT (139.6952222 35.6610939)
597718103,35.6607344,139.6945976,,3,,POINT (139.6945976 35.6607344)
597718874,35.6599567,139.693503,,4,,POINT (139.693503 35.6599567)
597718875,35.6597108,139.6936758,,4,,POINT (139.6936758 35.6597108)
597718877,35.6593067,139.6939696,,3,,POINT (139.6939696 35.6593067)
597719172,35.6593625,139.6932904,,3,,POINT (139.6932904 35.6593625)
597719206,35.6592944,139.6920404,,4,,POINT (139.6920404 35.6592944)
597719560,35.6592949,139.692106,,3,,POINT (139.692106 35.6592949)
597719617,35.6588727,139.6913343,,4,,POINT (139.6913343 35.6588727)
597719874,35.6582295,139.6918737,,3,,POINT (139.6918737 35.6582295)
597720672,35.6575011,139.6909262,,3,,POINT (139.6909262 35.6575011)
597720838,35.6575819,139.6916251,,3,,POINT (139.6916251 35.6575819)
597722036,35.6568389,139.6916622,,1,,POINT (139.6916622 35.6568389)
597722042,35.6570195,139.6930094,,3,,POINT (139.6930094 35.6570195)
597722044,35.6576085,139.6926617,,4,,POINT (139.6926617 35.6576085)
597722265,35.657051,139.6935075,,3,,POINT (139.6935075 35.657051)
598416622,35.6593421,139.6977155,,3,,POINT (139.6977155 35.6593421)
598416625,35.6590101,139.6977467,,4,,POINT (139.6977467 35.6590101)
598416635,35.6602818,139.6975968,,3,,POINT (139.6975968 35.6602818)
598965308,35.6556737,139.6976607,,4,,POINT (139.6976607 35.6556737)
598965310,35.6555226,139.6970304,,3,,POINT (139.6970304 35.6555226)
598965314,35.6550702,139.6971933,,3,,POINT (139.6971933 35.6550702)
598965317,35.6549125,139.6966352,,3,,POINT (139.6966352 35.6549125)
598965318,35.6549489,139.6966004,,3,,POINT (139.6966004 35.6549489)
613396336,35.6535473,139.7048898,,3,,POINT (139.7048898 35.6535473)
613396344,35.654486,139.7043565,,3,,POINT (139.7043565 35.654486)
613396359,35.6542546,139.7044885,,3,,POINT (139.7044885 35.6542546)
613396378,35.6534326,139.7052674,,3,,POINT (139.7052674 35.6534326)
613396381,35.6532664,139.7054024,,1,,POINT (139.7054024 35.6532664)
613396383,35.653542,139.7053382,,3,,POINT (139.7053382 35.653542)
614608856,35.6607099,139.6990556,,3,,POINT (139.6990556 35.6607099)
614612844,35.6609033,139.6984183,,3,,POINT (139.6984183 35.6609033)
614612985,35.6617679,139.6962014,,3,,POINT (139.6962014 35.6617679)
614613004,35.6610264,139.6979516,,3,,POINT (139.6979516 35.6610264)
614615763,35.6609146,139.6964621,,3,,POINT (139.6964621 35.6609146)
617028987,35.6558146,139.7030468,,3,,POINT (139.7030468 35.6558146)
622324951,35.6496478,139.7058129,,3,,POINT (139.7058129 35.6496478)
622324954,35.6503367,139.7055387,,3,,POINT (139.7055387 35.6503367)
622324961,35.6527506,139.7047821,,3,,POINT (139.7047821 35.6527506)
622324965,35.6538248,139.7039241,,3,,POINT (139.7039241 35.6538248)
622324970,35.6542945,139.703977,,3,,POINT (139.703977 35.6542945)
622324976,35.6552252,139.703126,,3,,POINT (139.703126 35.6552252)
622324979,35.6549553,139.7030545,,3,,POINT (139.7030545 35.6549553)
625513192,35.6480295,139.7018997,,4,,POINT (139.7018997 35.6480295)
625513252,35.6478499,139.7024114,,3,,POINT (139.7024114 35.6478499)
625515810,35.6481587,139.70123,,4,,POINT (139.70123 35.6481587)
625515812,35.6484823,139.7007578,,3,,POINT (139.7007578 35.6484823)
625528373,35.6482419,139.7005366,traffic_signals,3,,POINT (139.7005366 35.6482419)
625528376,35.6486048,139.7008775,,3,,POINT (139.7008775 35.6486048)
625534209,35.6517627,139.6957371,traffic_signals,3,,POINT (139.6957371 35.6517627)
625541257,35.6500922,139.697086,,3,,POINT (139.697086 35.6500922)
625555217,35.6520454,139.6962732,,4,,POINT (139.6962732 35.6520454)
625556190,35.6530801,139.6955621,,3,,POINT (139.6955621 35.6530801)
625558221,35.6534536,139.6959064,,4,,POINT (139.6959064 35.6534536)
625558653,35.6537439,139.6954768,,4,,POINT (139.6954768 35.6537439)
625566384,35.6556408,139.6956909,,3,,POINT (139.6956909 35.6556408)
625566390,35.6553824,139.6948171,,5,,POINT (139.6948171 35.6553824)
625572934,35.6534815,139.691535,,3,,POINT (139.691535 35.6534815)
625572938,35.6535846,139.691903,,3,,POINT (139.691903 35.6535846)
625575287,35.6538763,139.6916259,,4,,POINT (139.6916259 35.6538763)
625583280,35.6563832,139.6888831,,4,,POINT (139.6888831 35.6563832)
625583299,35.6567013,139.6884091,,3,,POINT (139.6884091 35.6567013)
625584432,35.6570307,139.6886559,,3,,POINT (139.6886559 35.6570307)
625594537,35.6573756,139.6859756,,3,,POINT (139.6859756 35.6573756)
625621556,35.6576382,139.6851504,,3,,POINT (139.6851504 35.6576382)
625647839,35.6566114,139.6843386,,3,,POINT (139.6843386 35.6566114)
625647841,35.656609,139.6839651,,3,,POINT (139.6839651 35.656609)
625653856,35.6558289,139.6844231,,3,,POINT (139.6844231 35.6558289)
625655007,35.6557936,139.6840462,,3,,POINT (139.6840462 35.6557936)
625655661,35.6562964,139.6840041,,3,,POINT (139.6840041 35.6562964)
627826764,35.6558173,139.6849959,,3,,POINT (139.6849959 35.6558173)
627826767,35.6556762,139.6854941,,3,,POINT (139.6854941 35.6556762)
627826784,35.6565751,139.6849854,,3,,POINT (139.6849854 35.6565751)
627826793,35.6566749,139.6856625,,3,,POINT (139.6856625 35.6566749)
627826794,35.6566207,139.6860486,,3,,POINT (139.6860486 35.6566207)
627826795,35.6570648,139.6860641,,3,,POINT (139.6860641 35.6570648)
631519878,35.6459955,139.698659,,4,,POINT (139.698659 35.6459955)
631521285,35.6464605,139.6978882,,4,,POINT (139.6978882 35.6464605)
631522008,35.646311,139.6977579,,4,,POINT (139.6977579 35.646311)
631528584,35.6475665,139.6960517,,4,,POINT (139.6960517 35.6475665)
631528607,35.647607,139.6959771,,2,,POINT (139.6959771 35.647607)
631529253,35.647417,139.6959132,,4,,POINT (139.6959132 35.647417)
631533777,35.6476513,139.6949188,,4,,POINT (139.6949188 35.6476513)
631534297,35.6478848,139.6951333,,4,,POINT (139.6951333 35.6478848)
631534700,35.6480362,139.6952657,,4,,POINT (139.6952657 35.6480362)
631534711,35.6485027,139.6944628,,4,,POINT (139.6944628 35.6485027)
631536102,35.6483592,139.6943362,,4,,POINT (139.6943362 35.6483592)
631540776,35.6489355,139.693755,,4,,POINT (139.693755 35.6489355)
631548065,35.6500267,139.691129,,3,,POINT (139.691129 35.6500267)
631549975,35.6497693,139.6909309,,3,,POINT (139.6909309 35.6497693)
631553480,35.6487751,139.6921885,traffic_signals,4,,POINT (139.6921885 35.6487751)
631553997,35.648852,139.6922244,traffic_signals,4,,POINT (139.6922244 35.648852)
631555390,35.649628,139.6925995,,4,,POINT (139.6925995 35.649628)
631555442,35.6494527,139.6925184,,4,,POINT (139.6925184 35.6494527)
631556967,35.6492216,139.6914646,,4,,POINT (139.6914646 35.6492216)
631556970,35.6492972,139.6915285,,3,,POINT (139.6915285 35.6492972)
631557712,35.6500583,139.6906267,,3,,POINT (139.6906267 35.6500583)
631558875,35.6504215,139.6911412,,4,,POINT (139.6911412 35.6504215)
631558882,35.6504495,139.6902332,,3,,POINT (139.6902332 35.6504495)
631561522,35.6500704,139.6875559,,3,,POINT (139.6875559 35.6500704)
631561816,35.6500832,139.689087,,4,,POINT (139.689087 35.6500832)
631562386,35.6499122,139.6890821,,4,,POINT (139.6890821 35.6499122)
631562388,35.6498577,139.6906251,,3,,POINT (139.6906251 35.6498577)
631569340,35.6496305,139.6873423,,4,,POINT (139.6873423 35.6496305)
631569344,35.6491405,139.6871561,,4,,POINT (139.6871561 35.6491405)
631570403,35.6500868,139.6856705,,4,,POINT (139.6856705 35.6500868)
650086670,35.6518731,139.7020225,traffic_signals,4,,POINT (139.7020225 35.6518731)
650086674,35.652068,139.7019205,,4,,POINT (139.7019205 35.652068)
650086678,35.6564198,139.7007827,,3,,POINT (139.7007827 35.6564198)
650086689,35.6561876,139.7014679,,3,,POINT (139.7014679 35.6561876)
650086699,35.6533219,139.704337,,4,,POINT (139.704337 35.6533219)
650086708,35.6521933,139.7025191,,3,,POINT (139.7025191 35.6521933)
650210763,35.6529832,139.7037744,,3,,POINT (139.7037744 35.6529832)
659717031,35.6537527,139.7017795,,1,,POINT (139.7017795 35.6537527)
659717036,35.6541623,139.7015344,,3,,POINT (139.7015344 35.6541623)
659717053,35.6522979,139.7026922,,3,,POINT (139.7026922 35.6522979)
659717054,35.6524801,139.7034094,,3,,POINT (139.7034094 35.6524801)
659717063,35.6539222,139.7023485,,3,,POINT (139.7023485 35.6539222)
659717064,35.6544036,139.7033803,,3,,POINT (139.7033803 35.6544036)
659717067,35.6541618,139.7023423,,3,,POINT (139.7023423 35.6541618)
659717070,35.6547895,139.703523,,3,,POINT (139.703523 35.6547895)
662240202,35.6551913,139.7018355,,4,,POINT (139.7018355 35.6551913)
662240206,35.6465019,139.7053707,,3,,POINT (139.7053707 35.6465019)
662240210,35.64733,139.7049668,,3,,POINT (139.7049668 35.64733)
662240211,35.6480008,139.7045904,,3,,POINT (139.7045904 35.6480008)
664495178,35.6600344,139.6907752,,3,,POINT (139.6907752 35.6600344)
664495181,35.6609535,139.6899782,,3,,POINT (139.6899782 35.6609535)
664495182,35.6613974,139.6895966,,3,,POINT (139.6895966 35.6613974)
664495185,35.6602386,139.691146,,4,,POINT (139.691146 35.6602386)
664495192,35.6585895,139.6926475,,3,,POINT (139.6926475 35.6585895)
664495199,35.6590413,139.6936528,,3,,POINT (139.6936528 35.6590413)
664495201,35.6613531,139.6930796,,3,,POINT (139.6930796 35.6613531)
664495203,35.6600378,139.6955033,traffic_signals,4,,POINT (139.6955033 35.6600378)
664495205,35.659302,139.6941894,,3,,POINT (139.6941894 35.659302)
664495210,35.6621897,139.6894494,,4,,POINT (139.6894494 35.6621897)
664499927,35.6528331,139.6842447,,3,,POINT (139.6842447 35.6528331)
664499935,35.655585,139.6857585,,3,,POINT (139.6857585 35.655585)
686510406,35.6538975,139.7003643,,1,,POINT (139.7003643 35.6538975)
686510410,35.6541832,139.7001323,,3,,POINT (139.7001323 35.6541832)
686510411,35.6542288,139.7003982,,3,,POINT (139.7003982 35.6542288)
686510417,35.654972,139.7003072,,3,,POINT (139.7003072 35.654972)
686510420,35.65644,139.6985582,,3,,POINT (139.6985582 35.65644)
686510424,35.6567076,139.6985428,,3,,POINT (139.6985428 35.6567076)
686510430,35.6571073,139.6982489,,3,,POINT (139.6982489 35.6571073)
686510431,35.6570465,139.69806,,3,,POINT (139.69806 35.6570465)
686510433,35.6576345,139.6977686,,3,,POINT (139.6977686 35.6576345)
686510446,35.6478168,139.7028291,,3,,POINT (139.7028291 35.6478168)
686510452,35.648417,139.7032794,,3,,POINT (139.7032794 35.648417)
686510481,35.6497738,139.7043624,,4,,POINT (139.7043624 35.6497738)
694150777,35.6553684,139.6865053,,3,,POINT (139.6865053 35.6553684)
694150780,35.6553477,139.6870745,,3,,POINT (139.6870745 35.6553477)
694150786,35.6566198,139.6867776,,3,,POINT (139.6867776 35.6566198)
694150791,35.656786,139.6873368,,1,,POINT (139.6873368 35.656786)
694150795,35.6598719,139.6904777,,4,,POINT (139.6904777 35.6598719)
694150800,35.6583696,139.6921738,,3,,POINT (139.6921738 35.6583696)
694150810,35.6573324,139.6960331,,3,,POINT (139.6960331 35.6573324)
694150817,35.6583484,139.6954849,,3,,POINT (139.6954849 35.6583484)
694150829,35.6610874,139.6926183,,3,,POINT (139.6926183 35.6610874)
694150830,35.6605372,139.6930881,,4,,POINT (139.6930881 35.6605372)
694150833,35.6588756,139.6954103,,4,,POINT (139.6954103 35.6588756)
694150834,35.6611814,139.6942081,,3,,POINT (139.6942081 35.6611814)
694150837,35.6636552,139.6844567,,3,,POINT (139.6844567 35.6636552)
694150840,35.6626014,139.6875201,,4,,POINT (139.6875201 35.6626014)
694150841,35.6637674,139.6857199,,4,,POINT (139.6857199 35.6637674)
695152397,35.649371,139.7052243,,4,,POINT (139.7052243 35.649371)
696656222,35.6527929,139.6945838,,4,,POINT (139.6945838 35.6527929)
696656230,35.652453,139.6949669,traffic_signals,3,,POINT (139.6949669 35.652453)
696656232,35.6513396,139.6970535,,3,,POINT (139.6970535 35.6513396)
696656235,35.6517169,139.6970328,,3,,POINT (139.6970328 35.6517169)
696656249,35.6515893,139.6996679,,3,,POINT (139.6996679 35.6515893)
696656251,35.6545798,139.6969491,,3,,POINT (139.6969491 35.6545798)
696656273,35.6503649,139.7042212,,1,,POINT (139.7042212 35.6503649)
696656274,35.6504517,139.7039834,,3,,POINT (139.7039834 35.6504517)
696656275,35.6502889,139.7038769,,1,,POINT (139.7038769 35.6502889)
698642588,35.6464446,139.7043213,traffic_signals,3,,POINT (139.7043213 35.6464446)
698642591,35.6479494,139.7059112,,3,,POINT (139.7059112 35.6479494)
698642715,35.6510429,139.7028743,,3,,POINT (139.7028743 35.6510429)
701831692,35.655791,139.7042654,,3,,POINT (139.7042654 35.655791)
701831695,35.6538485,139.7055487,,3,,POINT (139.7055487 35.6538485)
701831698,35.6561286,139.7054957,,3,,POINT (139.7054957 35.6561286)
701831715,35.6571787,139.7026219,,2,,POINT (139.7026219 35.6571787)
705927146,35.6468513,139.7055927,,3,,POINT (139.7055927 35.6468513)
705927222,35.6468411,139.7053831,,1,,POINT (139.7053831 35.6468411)
705927396,35.6473469,139.7055029,,3,,POINT (139.7055029 35.6473469)
705927987,35.6478599,139.7054804,,3,,POINT (139.7054804 35.6478599)
705928158,35.6480758,139.7057613,,4,,POINT (139.7057613 35.6480758)
705936655,35.6505694,139.7042246,,1,,POINT (139.7042246 35.6505694)
705942390,35.6495262,139.7005555,,3,,POINT (139.7005555 35.6495262)
705944806,35.6508949,139.7002885,,3,,POINT (139.7002885 35.6508949)
705947073,35.6514171,139.6989292,,3,,POINT (139.6989292 35.6514171)
705947234,35.6525197,139.6993224,,3,,POINT (139.6993224 35.6525197)
705947235,35.6528108,139.6990845,,1,,POINT (139.6990845 35.6528108)
705947362,35.6529104,139.6990002,,1,,POINT (139.6990002 35.6529104)
705950644,35.653357,139.6986129,,3,,POINT (139.6986129 35.653357)
705953697,35.6527778,139.6931793,,4,,POINT (139.6931793 35.6527778)
705955027,35.6532411,139.6923534,,3,,POINT (139.6923534 35.6532411)
705958599,35.6558895,139.691549,,4,,POINT (139.691549 35.6558895)
705959833,35.6561497,139.6922328,,1,,POINT (139.6922328 35.6561497)
705959836,35.6561554,139.6928547,,3,,POINT (139.6928547 35.6561554)
705960769,35.6566768,139.6928279,,4,,POINT (139.6928279 35.6566768)
705961061,35.6567048,139.693261,,3,,POINT (139.693261 35.6567048)
710375691,35.656215,139.7046195,,4,,POINT (139.7046195 35.656215)
727340236,35.6553712,139.7048804,,3,,POINT (139.7048804 35.6553712)
727340242,35.6565378,139.7049206,,3,,POINT (139.7049206 35.6565378)
728435646,35.6566421,139.7035308,,3,,POINT (139.7035308 35.6566421)
728435668,35.6567721,139.7038057,,3,,POINT (139.7038057 35.6567721)
728435688,35.6579072,139.7029035,,3,,POINT (139.7029035 35.6579072)
728435691,35.6551843,139.7047059,,3,,POINT (139.7047059 35.6551843)
728435743,35.6570423,139.704171,traffic_signals,4,,POINT (139.704171 35.6570423)
728435763,35.6558203,139.7052034,,4,,POINT (139.7052034 35.6558203)
730918410,35.6552907,139.6961416,,3,,POINT (139.6961416 35.6552907)
730918414,35.649063,139.7002633,,3,,POINT (139.7002633 35.649063)
730918417,35.6477891,139.7030556,,3,,POINT (139.7030556 35.6477891)
730918421,35.6472258,139.7022229,,3,,POINT (139.7022229 35.6472258)
730918423,35.6559672,139.6956172,,3,,POINT (139.6956172 35.6559672)
730918424,35.6573471,139.6970399,,3,,POINT (139.6970399 35.6573471)
730918425,35.6494098,139.7006939,,4,,POINT (139.7006939 35.6494098)
730918427,35.6485957,139.6997026,,3,,POINT (139.6997026 35.6485957)
730918431,35.6554842,139.6968774,,3,,POINT (139.6968774 35.6554842)
730918432,35.6489961,139.7012357,,3,,POINT (139.7012357 35.6489961)
730918436,35.6570943,139.6965539,,4,,POINT (139.6965539 35.6570943)
730918438,35.6565628,139.6960264,,4,,POINT (139.6960264 35.6565628)
731459475,35.6468075,139.7034317,,1,,POINT (139.7034317 35.6468075)
731459477,35.6478015,139.7032411,,3,,POINT (139.7032411 35.6478015)
731459478,35.6478374,139.7036461,,3,,POINT (139.7036461 35.6478374)
731459480,35.6471945,139.7057936,,3,,POINT (139.7057936 35.6471945)
731459481,35.6474414,139.7049171,,3,,POINT (139.7049171 35.6474414)
732207700,35.6545034,139.6983632,,3,,POINT (139.6983632 35.6545034)
732207706,35.6487736,139.7016203,,3,,POINT (139.7016203 35.6487736)
732207709,35.6460537,139.6953793,,3,,POINT (139.6953793 35.6460537)
732207710,35.6483482,139.7013065,,1,,POINT (139.7013065 35.6483482)
732207723,35.6521415,139.6986677,,1,,POINT (139.6986677 35.6521415)
732207729,35.6488714,139.7020535,traffic_signals,3,,POINT (139.7020535 35.6488714)
732207745,35.6520761,139.6985345,,3,,POINT (139.6985345 35.6520761)
732207757,35.6546639,139.6988986,,1,,POINT (139.6988986 35.6546639)
732207771,35.6460183,139.6949098,,3,,POINT (139.6949098 35.6460183)
732207773,35.6510441,139.6991527,,3,,POINT (139.6991527 35.6510441)
732207795,35.6491019,139.7016585,,3,,POINT (139.7016585 35.6491019)
732207840,35.6497789,139.7011318,,3,,POINT (139.7011318 35.6497789)
732207870,35.6516237,139.7000381,,3,,POINT (139.7000381 35.6516237)
732207873,35.6496498,139.7009805,,3,,POINT (139.7009805 35.6496498)
732207900,35.6535217,139.6988178,,3,,POINT (139.6988178 35.6535217)
732207935,35.6523755,139.69835,,3,,POINT (139.69835 35.6523755)
732207942,35.6487776,139.7020118,traffic_signals,3,,POINT (139.7020118 35.6487776)
732207952,35.6498553,139.7010446,,3,,POINT (139.7010446 35.6498553)
741609949,35.6560199,139.6987674,,3,,POINT (139.6987674 35.6560199)
742560895,35.6499386,139.702587,,3,,POINT (139.702587 35.6499386)
742560937,35.6557714,139.7013686,,3,,POINT (139.7013686 35.6557714)
742560941,35.6561068,139.6999513,,3,,POINT (139.6999513 35.6561068)
742560951,35.6482186,139.7036005,,1,,POINT (139.7036005 35.6482186)
742560964,35.6559147,139.7014027,,3,,POINT (139.7014027 35.6559147)
742560967,35.6544951,139.7029354,,4,,POINT (139.7029354 35.6544951)
742560973,35.6497671,139.7029813,,1,,POINT (139.7029813 35.6497671)
742560974,35.652064,139.7035678,,3,,POINT (139.7035678 35.652064)
742560982,35.6495268,139.7023743,,3,,POINT (139.7023743 35.6495268)
742560991,35.6516172,139.7041546,traffic_signals,3,,POINT (139.7041546 35.6516172)
742560998,35.6547374,139.701712,,3,,POINT (139.701712 35.6547374)
742561031,35.6542038,139.70331,,3,,POINT (139.70331 35.6542038)
742561035,35.6561859,139.7006873,,3,,POINT (139.7006873 35.6561859)
742561051,35.6556876,139.7019667,,3,,POINT (139.7019667 35.6556876)
742561053,35.6542127,139.7028298,,3,,POINT (139.7028298 35.6542127)
742561060,35.6493202,139.7030303,,1,,POINT (139.7030303 35.6493202)
744436405,35.650026,139.699977,,3,,POINT (139.699977 35.650026)
748883628,35.6515607,139.7055668,,1,,POINT (139.7055668 35.6515607)
748883655,35.6552751,139.6992396,,3,,POINT (139.6992396 35.6552751)
748883677,35.6517194,139.7006955,,3,,POINT (139.7006955 35.6517194)
748883683,35.6519291,139.7043698,,3,,POINT (139.7043698 35.6519291)
748883685,35.6548341,139.695628,,3,,POINT (139.695628 35.6548341)
748883696,35.6544683,139.6973205,,3,,POINT (139.6973205 35.6544683)
748883710,35.6512207,139.7009295,,3,,POINT (139.7009295 35.6512207)
748883711,35.657009,139.6928059,,3,,POINT (139.6928059 35.657009)
748883713,35.6551446,139.6989141,,1,,POINT (139.6989141 35.6551446)
748883719,35.6544633,139.6961586,,3,,POINT (139.6961586 35.6544633)
748883720,35.6529343,139.6995319,,3,,POINT (139.6995319 35.6529343)
748883724,35.6522408,139.7038074,,3,,POINT (139.7038074 35.6522408)
748883733,35.6553261,139.6947596,,3,,POINT (139.6947596 35.6553261)
748883756,35.6552324,139.6956471,,3,,POINT (139.6956471 35.6552324)
748883761,35.6559071,139.6995701,,3,,POINT (139.6995701 35.6559071)
748883764,35.6549584,139.6954255,,4,,POINT (139.6954255 35.6549584)
748883769,35.6550987,139.699464,,3,,POINT (139.699464 35.6550987)
748883778,35.6556123,139.69869,,3,,POINT (139.69869 35.6556123)
748883790,35.6554682,139.6958386,,3,,POINT (139.6958386 35.6554682)
748883794,35.6558247,139.6993832,,3,,POINT (139.6993832 35.6558247)
752633714,35.6530382,139.7045436,,3,,POINT (139.7045436 35.6530382)
761170791,35.6541441,139.7019776,,3,,POINT (139.7019776 35.6541441)
761170799,35.6504915,139.7038715,,3,,POINT (139.7038715 35.6504915)
761170801,35.6546612,139.702125,,3,,POINT (139.702125 35.6546612)
761170803,35.6512174,139.7038277,,3,,POINT (139.7038277 35.6512174)
761170808,35.6526435,139.7048345,,3,,POINT (139.7048345 35.6526435)
761170809,35.6506744,139.7040213,,3,,POINT (139.7040213 35.6506744)
761170814,35.6530457,139.7051076,,3,,POINT (139.7051076 35.6530457)
761170818,35.650583,139.7041975,,3,,POINT (139.7041975 35.650583)
762229000,35.654615,139.701674,,3,,POINT (139.701674 35.654615)
762229049,35.654785,139.700355,,3,,POINT (139.700355 35.654785)
762229061,35.657794,139.6983043,,3,,POINT (139.6983043 35.657794)
762229249,35.6572137,139.6985824,,3,,POINT (139.6985824 35.6572137)
767264910,35.647927,139.7010242,,3,,POINT (139.7010242 35.647927)
767264916,35.6487619,139.7010088,,3,,POINT (139.7010088 35.6487619)
767264950,35.6494823,139.7014769,,3,,POINT (139.7014769 35.6494823)
767264982,35.6506689,139.7011309,,1,,POINT (139.7011309 35.6506689)
767264987,35.6512112,139.7009123,,3,,POINT (139.7009123 35.6512112)
767265005,35.6496819,139.7016943,,1,,POINT (139.7016943 35.6496819)
861115365,35.6623102,139.6980866,,3,,POINT (139.6980866 35.6623102)
861115454,35.6615448,139.698385,,3,,POINT (139.698385 35.6615448)
878251818,35.657022,139.701084,,3,,POINT (139.701084 35.657022)
919617314,35.654814,139.6899723,,3,,POINT (139.6899723 35.654814)
927641089,35.6507233,139.6845169,motorway_junction,3,,POINT (139.6845169 35.6507233)
940043705,35.6513256,139.6880847,,3,,POINT (139.6880847 35.6513256)
940043714,35.6531095,139.6905686,,3,,POINT (139.6905686 35.6531095)
952323966,35.6541443,139.689722,,3,,POINT (139.689722 35.6541443)
978984938,35.6606379,139.699655,,3,,POINT (139.699655 35.6606379)
978984963,35.6608577,139.6992317,,3,,POINT (139.6992317 35.6608577)
978985140,35.6607051,139.699658,,3,,POINT (139.699658 35.6607051)
980259131,35.659164,139.6939174,,3,,POINT (139.6939174 35.659164)
980259181,35.658169,139.6938517,,3,,POINT (139.6938517 35.658169)
981888118,35.6522903,139.6868804,,3,,POINT (139.6868804 35.6522903)
981888120,35.6518476,139.6871312,,3,,POINT (139.6871312 35.6518476)
1014528900,35.6578895,139.695758,,3,,POINT (139.695758 35.6578895)
1014528908,35.6634119,139.6998175,,4,,POINT (139.6998175 35.6634119)
1014528919,35.6601252,139.6923716,,3,,POINT (139.6923716 35.6601252)
1014529011,35.6639028,139.6998695,,4,,POINT (139.6998695 35.6639028)
1014529013,35.6595356,139.6938468,,3,,POINT (139.6938468 35.6595356)
1014529046,35.6620961,139.6954929,,3,,POINT (139.6954929 35.6620961)
1014529105,35.6590811,139.6969673,,3,,POINT (139.6969673 35.6590811)
1014529157,35.6604051,139.6949187,,3,,POINT (139.6949187 35.6604051)
1014529222,35.6587913,139.6942928,,3,,POINT (139.6942928 35.6587913)
1014529228,35.6613702,139.6956943,,3,,POINT (139.6956943 35.6613702)
1014529275,35.6622657,139.7003551,,4,,POINT (139.7003551 35.6622657)
1014529328,35.6598215,139.6949781,,4,,POINT (139.6949781 35.6598215)
1014529355,35.658833,139.6948466,,3,,POINT (139.6948466 35.658833)
1014529364,35.6628331,139.694639,traffic_signals,4,,POINT (139.694639 35.6628331)
1014529376,35.6575778,139.6944409,,3,,POINT (139.6944409 35.6575778)
1014529415,35.6591431,139.6958188,,3,,POINT (139.6958188 35.6591431)
1014529451,35.6570145,139.6945146,,3,,POINT (139.6945146 35.6570145)
1014529458,35.6628932,139.7002279,,3,,POINT (139.7002279 35.6628932)
1014529525,35.6629664,139.6992623,,3,,POINT (139.6992623 35.6629664)
1014529576,35.6594339,139.695478,,3,,POINT (139.695478 35.6594339)
1014529654,35.659132,139.6967588,,3,,POINT (139.6967588 35.659132)
1014529657,35.6625537,139.7003698,,3,,POINT (139.7003698 35.6625537)
1014529687,35.6592289,139.697126,,4,,POINT (139.697126 35.6592289)
1014529692,35.6614435,139.6993549,,1,,POINT (139.6993549 35.6614435)
1014529738,35.6633768,139.7002765,,3,,POINT (139.7002765 35.6633768)
1014529742,35.658853,139.6950958,,3,,POINT (139.6950958 35.658853)
1014529751,35.660375,139.6964393,,3,,POINT (139.6964393 35.660375)
1014529802,35.6614288,139.700212,,4,,POINT (139.700212 35.6614288)
1014529833,35.6564514,139.6954564,,3,,POINT (139.6954564 35.6564514)
1014529837,35.6587396,139.6973119,,3,,POINT (139.6973119 35.6587396)
1014529914,35.6589102,139.6956549,,3,,POINT (139.6956549 35.6589102)
1014529928,35.6598173,139.6955134,,3,,POINT (139.6955134 35.6598173)
1014529954,35.6588761,139.6966256,,3,,POINT (139.6966256 35.6588761)
1014529981,35.6615291,139.6959699,,3,,POINT (139.6959699 35.6615291)
1014530043,35.6624293,139.6968431,,3,,POINT (139.6968431 35.6624293)
1014530067,35.6598348,139.6957124,,3,,POINT (139.6957124 35.6598348)
1014530105,35.6629198,139.6997705,,4,,POINT (139.6997705 35.6629198)
1014530111,35.6579727,139.6957152,,3,,POINT (139.6957152 35.6579727)
1014530112,35.6574436,139.7008717,,4,331-32,POINT (139.7008717 35.6574436)
1014530137,35.6592127,139.695822,,3,,POINT (139.695822 35.6592127)
1014530160,35.6616611,139.6947274,,3,,POINT (139.6947274 35.6616611)
1014530185,35.6594412,139.6957034,,3,,POINT (139.6957034 35.6594412)
1058556838,35.6474564,139.697099,,4,,POINT (139.697099 35.6474564)
1058556839,35.6460533,139.6947096,,3,,POINT (139.6947096 35.6460533)
1058556853,35.6470985,139.6974894,,4,,POINT (139.6974894 35.6470985)
1058556871,35.6468254,139.698124,,3,,POINT (139.698124 35.6468254)
1058556949,35.6478002,139.6938291,traffic_signals,4,,POINT (139.6938291 35.6478002)
1058556962,35.648192,139.6966107,,3,,POINT (139.6966107 35.648192)
1058557047,35.6479006,139.6963603,,3,,POINT (139.6963603 35.6479006)
1058557073,35.6463224,139.6949398,,4,,POINT (139.6949398 35.6463224)
1058557112,35.6472663,139.6933589,,4,,POINT (139.6933589 35.6472663)
1074623812,35.6497946,139.704702,,2,,POINT (139.704702 35.6497946)
1074623823,35.6536072,139.7048654,,3,,POINT (139.7048654 35.6536072)
1075301224,35.6625315,139.6861282,traffic_signals,3,,POINT (139.6861282 35.6625315)
1075301248,35.6635739,139.7043312,,3,,POINT (139.7043312 35.6635739)
1075301255,35.6637591,139.6900109,,3,,POINT (139.6900109 35.6637591)
1075301257,35.663898,139.7037447,,4,,POINT (139.7037447 35.663898)
1075301267,35.6630264,139.6939969,,3,,POINT (139.6939969 35.6630264)
1075519209,35.663937,139.6842941,,1,,POINT (139.6842941 35.663937)
1075519306,35.6637816,139.6846328,,3,,POINT (139.6846328 35.6637816)
1091266634,35.6639053,139.6888637,,1,,POINT (139.6888637 35.6639053)
1108870893,35.6604793,139.6915852,,3,,POINT (139.6915852 35.6604793)
1108870895,35.6579335,139.6924565,,4,,POINT (139.6924565 35.6579335)
1108870901,35.6611692,139.6968548,,3,,POINT (139.6968548 35.6611692)
1108870902,35.6584607,139.6905353,,3,,POINT (139.6905353 35.6584607)
1108870903,35.658222,139.6931555,,3,,POINT (139.6931555 35.658222)
1108870904,35.6616108,139.6899533,,4,,POINT (139.6899533 35.6616108)
1108870906,35.6599005,139.6926331,,3,,POINT (139.6926331 35.6599005)
1108870911,35.6607874,139.689683,,4,,POINT (139.689683 35.6607874)
1108870914,35.6612321,139.6892987,,4,,POINT (139.6892987 35.6612321)
1108870915,35.6603379,139.690065,,4,,POINT (139.690065 35.6603379)
1108870925,35.6607185,139.6977527,,3,,POINT (139.6977527 35.6607185)
1108870926,35.6603263,139.6974764,,3,,POINT (139.6974764 35.6603263)
1108870944,35.6605092,139.6903651,,3,,POINT (139.6903651 35.6605092)
1108870960,35.6580262,139.6914236,,3,,POINT (139.6914236 35.6580262)
1116808119,35.6596549,139.7030779,,3,,POINT (139.7030779 35.6596549)
1116808261,35.6616759,139.7029726,,3,,POINT (139.7029726 35.6616759)
1116808689,35.6610164,139.7029958,,3,,POINT (139.7029958 35.6610164)
1127216272,35.6589084,139.7056676,,3,,POINT (139.7056676 35.6589084)
1127216278,35.6591947,139.7051875,,3,,POINT (139.7051875 35.6591947)
1139066416,35.6563627,139.6871885,,4,,POINT (139.6871885 35.6563627)
1139066419,35.655458,139.6881392,traffic_signals,4,,POINT (139.6881392 35.655458)
1139066421,35.656466,139.6882867,,1,,POINT (139.6882867 35.656466)
1139066422,35.6563875,139.6878039,,3,,POINT (139.6878039 35.6563875)
1139066423,35.656396,139.6867312,,3,,POINT (139.6867312 35.656396)
1139066433,35.6563614,139.6875707,,3,,POINT (139.6875707 35.6563614)
1139071727,35.6548445,139.6875788,,3,,POINT (139.6875788 35.6548445)
1139071731,35.652655,139.6888334,,3,,POINT (139.6888334 35.652655)
1139071738,35.6546963,139.6887374,,3,,POINT (139.6887374 35.6546963)
1139071780,35.6553887,139.6888457,,3,,POINT (139.6888457 35.6553887)
1139071790,35.654001,139.6885896,,3,,POINT (139.6885896 35.654001)
1139071800,35.6546724,139.6878683,,3,,POINT (139.6878683 35.6546724)
1139071805,35.6540922,139.6881193,,3,,POINT (139.6881193 35.6540922)
1139071829,35.6538887,139.6886478,,3,,POINT (139.6886478 35.6538887)
1139074799,35.6527437,139.6898168,,3,,POINT (139.6898168 35.6527437)
1211660811,35.6592459,139.6910115,,3,,POINT (139.6910115 35.6592459)
1211660828,35.6594214,139.6897325,,3,,POINT (139.6897325 35.6594214)
1211660881,35.6584441,139.6943411,,3,,POINT (139.6943411 35.6584441)
1211660884,35.6584931,139.6948869,,3,,POINT (139.6948869 35.6584931)
1238598711,35.6470823,139.690519,,3,,POINT (139.690519 35.6470823)
1238598713,35.6470108,139.6904554,,3,,POINT (139.6904554 35.6470108)
1238598714,35.646583,139.6899922,traffic_signals,3,,POINT (139.6899922 35.646583)
1238598719,35.6462079,139.6912868,,3,,POINT (139.6912868 35.6462079)
1238598726,35.6468279,139.6917712,,3,,POINT (139.6917712 35.6468279)
1238598727,35.6468992,139.6918323,,2,,POINT (139.6918323 35.6468992)
1238695618,35.6472583,139.6860693,traffic_signals,3,,POINT (139.6860693 35.6472583)
1238695619,35.6483006,139.6855637,,3,,POINT (139.6855637 35.6483006)
1238695663,35.6482406,139.6854233,,3,,POINT (139.6854233 35.6482406)
1238695675,35.6474983,139.6841273,,3,,POINT (139.6841273 35.6474983)
1238695723,35.6464295,139.6868375,,3,,POINT (139.6868375 35.6464295)
1238695725,35.6460013,139.6855564,,3,,POINT (139.6855564 35.6460013)
1238695744,35.646951,139.6851261,traffic_signals,3,,POINT (139.6851261 35.646951)
1238695821,35.6475328,139.686915,,3,,POINT (139.686915 35.6475328)
1238695822,35.6467376,139.6844729,,3,,POINT (139.6844729 35.6467376)
1238695875,35.6466908,139.6874924,,4,,POINT (139.6874924 35.6466908)
1238695876,35.6468122,139.6879396,,3,,POINT (139.6879396 35.6468122)
1238695879,35.6477228,139.6875001,,3,,POINT (139.6875001 35.6477228)
1238927651,35.6475586,139.6843683,,3,,POINT (139.6843683 35.6475586)
1239449260,35.6553245,139.6899275,,3,,POINT (139.6899275 35.6553245)
1239449280,35.6553825,139.6891328,,3,,POINT (139.6891328 35.6553825)
1239449281,35.6552497,139.6897838,,3,,POINT (139.6897838 35.6552497)
1239461289,35.6582846,139.6883122,,3,,POINT (139.6883122 35.6582846)
1239461300,35.658435,139.6894549,,3,,POINT (139.6894549 35.658435)
1239461305,35.6580536,139.6887562,,3,,POINT (139.6887562 35.6580536)
1239461314,35.6566167,139.6846098,,3,,POINT (139.6846098 35.6566167)
1239461328,35.6576507,139.6866411,,3,,POINT (139.6866411 35.6576507)
1239461332,35.6574023,139.6865319,,3,,POINT (139.6865319 35.6574023)
1239461334,35.6583293,139.6882224,,1,,POINT (139.6882224 35.6583293)
1249538653,35.6575051,139.7054007,,3,,POINT (139.7054007 35.6575051)
1251060607,35.6588635,139.7042664,,3,,POINT (139.7042664 35.6588635)
1251060621,35.6574419,139.705859,,3,,POINT (139.705859 35.6574419)
1251060622,35.6571147,139.7058609,,3,,POINT (139.7058609 35.6571147)
1251060624,35.6586271,139.7045309,,3,,POINT (139.7045309 35.6586271)
1312614596,35.6465789,139.7026012,traffic_signals,3,,POINT (139.7026012 35.6465789)
1312648604,35.6490672,139.7051754,,3,,POINT (139.7051754 35.6490672)
1316007410,35.6594487,139.7010885,,3,,POINT (139.7010885 35.6594487)
1316236208,35.6480775,139.690304,,3,,POINT (139.690304 35.6480775)
1316236211,35.6503684,139.692173,,1,,POINT (139.692173 35.6503684)
1316236216,35.6485146,139.6871355,,3,,POINT (139.6871355 35.6485146)
1316236219,35.6473801,139.6907415,,3,,POINT (139.6907415 35.6473801)
1316236224,35.6482229,139.6842677,,3,,POINT (139.6842677 35.6482229)
1316236226,35.6528962,139.6962908,,3,,POINT (139.6962908 35.6528962)
1316236230,35.6488654,139.6951717,,3,,POINT (139.6951717 35.6488654)
1316236240,35.6498764,139.6864396,,4,,POINT (139.6864396 35.6498764)
1316236265,35.6518125,139.6942171,,3,,POINT (139.6942171 35.6518125)
1316236271,35.6486741,139.6863353,,3,,POINT (139.6863353 35.6486741)
1316236272,35.6516133,139.6917892,,3,,POINT (139.6917892 35.6516133)
1316236275,35.647912,139.6922026,,1,,POINT (139.6922026 35.647912)
1316236278,35.6531855,139.691369,,3,,POINT (139.691369 35.6531855)
1316236279,35.6513372,139.6946955,,4,,POINT (139.6946955 35.6513372)
1316236284,35.6489839,139.6840812,,3,,POINT (139.6840812 35.6489839)
1316236286,35.6498998,139.6963259,,3,,POINT (139.6963259 35.6498998)
1316236294,35.649769,139.6907203,,3,,POINT (139.6907203 35.649769)
1316236300,35.6496406,139.6950855,,4,,POINT (139.6950855 35.6496406)
1316236311,35.6471055,139.6893299,,3,,POINT (139.6893299 35.6471055)
1316236316,35.6530419,139.6907321,,3,,POINT (139.6907321 35.6530419)
1316236323,35.6479587,139.6847632,,3,,POINT (139.6847632 35.6479587)
1316236362,35.6531247,139.6942178,,3,,POINT (139.6942178 35.6531247)
1316236379,35.6476928,139.6926381,,4,,POINT (139.6926381 35.6476928)
1316236388,35.6518464,139.6912015,,3,,POINT (139.6912015 35.6518464)
1316236391,35.6478459,139.6900658,,3,,POINT (139.6900658 35.6478459)
1316236403,35.6507937,139.6926129,,3,,POINT (139.6926129 35.6507937)
1316236416,35.6504441,139.692748,,4,,POINT (139.692748 35.6504441)
1316236450,35.653087,139.6925602,,3,,POINT (139.6925602 35.653087)
1316236453,35.6475255,139.6897553,,3,,POINT (139.6897553 35.6475255)
1316236460,35.6482866,139.6919231,,2,,POINT (139.6919231 35.6482866)
1316236482,35.6491027,139.6955992,,3,,POINT (139.6955992 35.6491027)
1316236486,35.6535137,139.6873347,,3,,POINT (139.6873347 35.6535137)
1316236491,35.6517651,139.6915164,,3,,POINT (139.6915164 35.6517651)
1316236528,35.6485963,139.6908982,,3,,POINT (139.6908982 35.6485963)
1316236607,35.6532163,139.6960853,,3,,POINT (139.6960853 35.6532163)
1316236615,35.6500503,139.6842671,traffic_signals,3,,POINT (139.6842671 35.6500503)
1316236631,35.6504647,139.6844582,,3,,POINT (139.6844582 35.6504647)
1316236694,35.6503694,139.6966475,,3,,POINT (139.6966475 35.6503694)
1316236705,35.648083,139.6842939,,3,,POINT (139.6842939 35.648083)
1316236709,35.6478315,139.6911945,,3,,POINT (139.6911945 35.6478315)
1316236711,35.6539275,139.6963527,,3,,POINT (139.6963527 35.6539275)
1316236727,35.6521853,139.6896912,,3,,POINT (139.6896912 35.6521853)
1316236752,35.6512892,139.6943454,,3,,POINT (139.6943454 35.6512892)
1316236758,35.6488029,139.6859671,,3,,POINT (139.6859671 35.6488029)
1316236771,35.6487474,139.6884187,,3,,POINT (139.6884187 35.6487474)
1316236854,35.650806,139.6911601,,4,,POINT (139.6911601 35.650806)
1316236888,35.6485733,139.6869034,,3,,POINT (139.6869034 35.6485733)
1316236891,35.6517281,139.6930961,,3,,POINT (139.6930961 35.6517281)
1316236923,35.6483943,139.6955755,,4,,POINT (139.6955755 35.6483943)
1316236952,35.6468671,139.6929992,traffic_signals,4,,POINT (139.6929992 35.6468671)
1316236967,35.6495527,139.6882534,,3,,POINT (139.6882534 35.6495527)
1316237002,35.6519879,139.6902501,,3,,POINT (139.6902501 35.6519879)
1316237020,35.6487177,139.6890149,,3,,POINT (139.6890149 35.6487177)
1316237024,35.6534133,139.6921517,,3,,POINT (139.6921517 35.6534133)
1316237031,35.6509743,139.6957171,,4,,POINT (139.6957171 35.6509743)
1316237069,35.6482513,139.6962632,,3,,POINT (139.6962632 35.6482513)
1316237096,35.6486117,139.6902973,,4,,POINT (139.6902973 35.6486117)
1316237123,35.6521328,139.6931142,,3,,POINT (139.6931142 35.6521328)
1316237148,35.6515923,139.6950461,,4,,POINT (139.6950461 35.6515923)
1316237184,35.6482913,139.6918442,,3,,POINT (139.6918442 35.6482913)
1316237214,35.6479158,139.6848692,,3,,POINT (139.6848692 35.6479158)
1316237233,35.6494787,139.6903426,,3,,POINT (139.6903426 35.6494787)
1316237239,35.6509147,139.6949372,,3,,POINT (139.6949372 35.6509147)
1316237246,35.6495194,139.693536,,3,,POINT (139.693536 35.6495194)
1316237253,35.6498,139.6848941,,1,,POINT (139.6848941 35.6498)
1316237259,35.6493983,139.6862251,,4,,POINT (139.6862251 35.6493983)
1316237260,35.6521035,139.6939589,,3,,POINT (139.6939589 35.6521035)
1316237274,35.648478,139.6882555,,3,,POINT (139.6882555 35.648478)
1316237290,35.6473258,139.6923076,,3,,POINT (139.6923076 35.6473258)
1316237302,35.6497291,139.696173,,3,,POINT (139.696173 35.6497291)
1317331396,35.646413,139.7046204,,3,,POINT (139.7046204 35.646413)
1317331992,35.6462815,139.7056367,,3,,POINT (139.7056367 35.6462815)
1354438491,35.6568712,139.6975146,,3,,POINT (139.6975146 35.6568712)
1400924087,35.6581595,139.6959807,,4,,POINT (139.6959807 35.6581595)
1471872795,35.6579281,139.6849094,,3,,POINT (139.6849094 35.6579281)
1471872900,35.6582548,139.684132,,3,,POINT (139.684132 35.6582548)
1471872935,35.6583401,139.6853836,,3,,POINT (139.6853836 35.6583401)
1471873066,35.6585798,139.6843874,,1,,POINT (139.6843874 35.6585798)
1471891933,35.6575429,139.6846994,,1,,POINT (139.6846994 35.6575429)
1471892008,35.6577093,139.6847842,,3,,POINT (139.6847842 35.6577093)
1471892240,35.6580771,139.6843778,,3,,POINT (139.6843778 35.6580771)
1471899321,35.6566099,139.6841565,,3,,POINT (139.6841565 35.6566099)
1472156647,35.6581335,139.6886043,,3,,POINT (139.6886043 35.6581335)
1472156657,35.6581546,139.6892505,,3,,POINT (139.6892505 35.6581546)
1472156761,35.6583937,139.6894155,,3,,POINT (139.6894155 35.6583937)
1472156787,35.6584889,139.6888179,,3,,POINT (139.6888179 35.6584889)
1472171344,35.6572643,139.6888447,,3,,POINT (139.6888447 35.6572643)
1472171431,35.6574805,139.68926,,1,,POINT (139.68926 35.6574805)
1472171574,35.6577262,139.6894286,,4,,POINT (139.6894286 35.6577262)
1472171682,35.658057,139.6896668,,1,,POINT (139.6896668 35.658057)
1472975921,35.6568399,139.685657,,1,,POINT (139.685657 35.6568399)
1472996722,35.655956,139.6894909,,3,,POINT (139.6894909 35.655956)
1472996773,35.6561511,139.6901311,,3,,POINT (139.6901311 35.6561511)
1472996779,35.6561698,139.6893212,,3,,POINT (139.6893212 35.6561698)
1472996866,35.6563242,139.6891597,,3,,POINT (139.6891597 35.6563242)
1472996869,35.6563318,139.6897978,,1,,POINT (139.6897978 35.6563318)
1472996961,35.6565213,139.6895588,,1,,POINT (139.6895588 35.6565213)
1472999627,35.6553447,139.6873843,,3,,POINT (139.6873843 35.6553447)
1472999628,35.6555619,139.6888196,,1,,POINT (139.6888196 35.6555619)
1472999629,35.6555671,139.6881268,,3,,POINT (139.6881268 35.6555671)
1472999631,35.6556834,139.6885683,,1,,POINT (139.6885683 35.6556834)
1472999634,35.6557749,139.6883662,,1,,POINT (139.6883662 35.6557749)
1472999635,35.6558731,139.6891803,,1,,POINT (139.6891803 35.6558731)
1472999639,35.6559103,139.6883932,,4,,POINT (139.6883932 35.6559103)
1472999640,35.6559317,139.6881917,,3,,POINT (139.6881917 35.6559317)
1472999642,35.6560041,139.6894582,,3,,POINT (139.6894582 35.6560041)
1472999647,35.656177,139.6877657,,1,,POINT (139.6877657 35.656177)
1472999649,35.6562451,139.6884505,,1,,POINT (139.6884505 35.6562451)
1472999653,35.6563689,139.6882694,,3,,POINT (139.6882694 35.6563689)
1472999654,35.6564007,139.6880353,,4,,POINT (139.6880353 35.6564007)
1472999655,35.656431,139.6878114,,3,,POINT (139.6878114 35.656431)
1472999656,35.6564422,139.6880421,,1,,POINT (139.6880421 35.6564422)
1472999658,35.6566013,139.6878433,,1,,POINT (139.6878433 35.6566013)
1472999660,35.6567256,139.6889653,,1,,POINT (139.6889653 35.6567256)
1472999663,35.6568076,139.688213,,3,,POINT (139.688213 35.6568076)
1472999666,35.6568753,139.6875173,,1,,POINT (139.6875173 35.6568753)
1472999670,35.6569397,139.6881649,,3,,POINT (139.6881649 35.6569397)
1472999672,35.6571325,139.6881424,,3,,POINT (139.6881424 35.6571325)
1472999673,35.6571719,139.6877126,,3,,POINT (139.6877126 35.6571719)
1473288303,35.6570238,139.6873374,,1,,POINT (139.6873374 35.6570238)
1473560310,35.6568923,139.6870661,,1,,POINT (139.6870661 35.6568923)
1474045838,35.6558107,139.6865788,,3,,POINT (139.6865788 35.6558107)
1474045848,35.6558724,139.686289,,1,,POINT (139.686289 35.6558724)
1474045910,35.6561769,139.6866649,,3,,POINT (139.6866649 35.6561769)
1474045937,35.6563113,139.6859742,,3,,POINT (139.6859742 35.6563113)
1474144773,35.6623372,139.687476,,4,,POINT (139.687476 35.6623372)
1474144856,35.662715,139.6871656,,3,,POINT (139.6871656 35.662715)
1490098362,35.6527353,139.6888036,stop,3,,POINT (139.6888036 35.6527353)
1490098391,35.6530683,139.6895216,,4,,POINT (139.6895216 35.6530683)
1490164433,35.653091,139.6885515,,1,,POINT (139.6885515 35.653091)
1490164517,35.6532056,139.6874508,,3,,POINT (139.6874508 35.6532056)
1490164558,35.6533644,139.6884667,,3,,POINT (139.6884667 35.6533644)
1490164575,35.6538616,139.6871937,,3,,POINT (139.6871937 35.6538616)
1496020560,35.653548,139.6896152,,3,,POINT (139.6896152 35.653548)
1496020562,35.6535514,139.6899618,,3,,POINT (139.6899618 35.6535514)
1496020786,35.6543329,139.6906097,,1,,POINT (139.6906097 35.6543329)
1496020797,35.6543658,139.6909137,,3,,POINT (139.6909137 35.6543658)
1496020820,35.6545063,139.6906788,,3,,POINT (139.6906788 35.6545063)
1496020844,35.6545886,139.6910721,,3,,POINT (139.6910721 35.6545886)
1496020906,35.6547515,139.6908493,,1,,POINT (139.6908493 35.6547515)
1496020990,35.6549346,139.6913156,,1,,POINT (139.6913156 35.6549346)
1496039639,35.6546031,139.6904899,,3,,POINT (139.6904899 35.6546031)
1496039683,35.6547537,139.6906152,,1,,POINT (139.6906152 35.6547537)
1496040311,35.6558362,139.690596,,3,,POINT (139.690596 35.6558362)
1496214134,35.6550342,139.691585,,3,,POINT (139.691585 35.6550342)
1496214246,35.6556649,139.6915177,,1,,POINT (139.6915177 35.6556649)
1496232717,35.6551621,139.6923901,,3,,POINT (139.6923901 35.6551621)
1496232758,35.6552758,139.6930869,,3,,POINT (139.6930869 35.6552758)
1496233048,35.6555712,139.6945464,,4,,POINT (139.6945464 35.6555712)
1496233060,35.6557081,139.693149,,3,,POINT (139.693149 35.6557081)
1496233082,35.6557712,139.6925785,,3,,POINT (139.6925785 35.6557712)
1496233113,35.6559432,139.6942147,,1,,POINT (139.6942147 35.6559432)
1496233183,35.6562196,139.694602,,3,,POINT (139.694602 35.6562196)
1496233453,35.6567148,139.6946404,,1,,POINT (139.6946404 35.6567148)
1496233505,35.6568605,139.6943479,,3,,POINT (139.6943479 35.6568605)
1496365144,35.6557387,139.692763,,3,,POINT (139.692763 35.6557387)
1496865251,35.6581976,139.6936299,,4,,POINT (139.6936299 35.6581976)
1497320043,35.6577125,139.6950439,,3,,POINT (139.6950439 35.6577125)
1497985602,35.6580641,139.6938804,,3,,POINT (139.6938804 35.6580641)
1497985610,35.6581006,139.6943803,,3,,POINT (139.6943803 35.6581006)
1498427790,35.6583046,139.6981534,,1,,POINT (139.6981534 35.6583046)
1499420276,35.6598899,139.6961509,,3,,POINT (139.6961509 35.6598899)
1499530611,35.6584103,139.7005608,,3,,POINT (139.7005608 35.6584103)
1500815047,35.6588463,139.6902136,,3,,POINT (139.6902136 35.6588463)
1500815082,35.6592818,139.6909809,,3,,POINT (139.6909809 35.6592818)
1502491310,35.6619462,139.6905101,,1,,POINT (139.6905101 35.6619462)
1502491325,35.6627329,139.6889769,,3,,POINT (139.6889769 35.6627329)
1502501938,35.6608996,139.6922927,,3,,POINT (139.6922927 35.6608996)
1502502030,35.6616928,139.691616,,3,,POINT (139.691616 35.6616928)
1503705769,35.6618693,139.6919121,,1,,POINT (139.6919121 35.6618693)
1503706012,35.6622685,139.6922849,,3,,POINT (139.6922849 35.6622685)
1503763000,35.6619384,139.6952153,,4,,POINT (139.6952153 35.6619384)
1503780961,35.6612107,139.6920273,,3,,POINT (139.6920273 35.6612107)
1503780962,35.6616652,139.6928087,,3,,POINT (139.6928087 35.6616652)
1503780964,35.6617133,139.6921028,,1,,POINT (139.6921028 35.6617133)
1503780971,35.661818,139.6888001,,4,,POINT (139.6888001 35.661818)
1503781030,35.6619687,139.6925452,,3,,POINT (139.6925452 35.6619687)
1503781069,35.6620771,139.6902101,,1,,POINT (139.6902101 35.6620771)
1503781261,35.6622795,139.6907248,,1,,POINT (139.6907248 35.6622795)
1503781437,35.6624143,139.689922,,3,,POINT (139.689922 35.6624143)
1503781580,35.6625033,139.6912174,,1,,POINT (139.6912174 35.6625033)
1503781682,35.6626464,139.690419,,3,,POINT (139.690419 35.6626464)
1503790188,35.6614354,139.6881211,,3,,POINT (139.6881211 35.6614354)
1503790777,35.6623573,139.6883271,,4,,POINT (139.6883271 35.6623573)
1505092310,35.6631882,139.6881277,,3,,POINT (139.6881277 35.6631882)
1505102590,35.6629625,139.6939096,,3,,POINT (139.6939096 35.6629625)
1505102637,35.663029,139.6919182,,3,,POINT (139.6919182 35.663029)
1505102931,35.6633232,139.6921204,,3,,POINT (139.6921204 35.6633232)
1505102934,35.6633239,139.6908734,,1,,POINT (139.6908734 35.6633239)
1505103022,35.6634792,139.6913894,,3,,POINT (139.6913894 35.6634792)
1505103118,35.6637684,139.6920524,,3,,POINT (139.6920524 35.6637684)
1505103137,35.663843,139.6925083,,1,,POINT (139.6925083 35.663843)
1517364200,35.6631424,139.6949969,,3,,POINT (139.6949969 35.6631424)
1517364487,35.6637097,139.6937528,,3,,POINT (139.6937528 35.6637097)
1517364519,35.663787,139.6944176,,1,,POINT (139.6944176 35.663787)
1517364600,35.6639412,139.6942415,,3,,POINT (139.6942415 35.6639412)
1517481700,35.662305,139.6980324,,3,,POINT (139.6980324 35.662305)
1517481722,35.662342,139.6978502,,2,,POINT (139.6978502 35.662342)
1517481937,35.6625346,139.6975249,,3,,POINT (139.6975249 35.6625346)
1517482123,35.6627422,139.6973254,,3,,POINT (139.6973254 35.6627422)
1519341467,35.6632323,139.6983783,,3,,POINT (139.6983783 35.6632323)
1519548623,35.6639503,139.6990925,,3,,POINT (139.6990925 35.6639503)
1519695382,35.659397,139.7052066,,3,,POINT (139.7052066 35.659397)
1519695427,35.6595181,139.7049971,,3,,POINT (139.7049971 35.6595181)
1519733465,35.6598991,139.7045229,,3,,POINT (139.7045229 35.6598991)
1519734364,35.6606504,139.7041899,,3,,POINT (139.7041899 35.6606504)
1539111428,35.6566637,139.7015815,,3,,POINT (139.7015815 35.6566637)
1540393346,35.6533778,139.6990802,,3,,POINT (139.6990802 35.6533778)
1540393613,35.6543602,139.6950205,,1,,POINT (139.6950205 35.6543602)
1540739225,35.6522601,139.696711,,4,,POINT (139.696711 35.6522601)
1541777822,35.6500865,139.6990256,,3,,POINT (139.6990256 35.6500865)
1541779099,35.652095,139.6974178,,3,,POINT (139.6974178 35.652095)
1541779489,35.6526662,139.6981891,,3,,POINT (139.6981891 35.6526662)
1541779518,35.6527187,139.6997448,,3,,POINT (139.6997448 35.6527187)
1541779729,35.6531788,139.6988583,,4,,POINT (139.6988583 35.6531788)
1543992988,35.6516015,139.6998012,,3,,POINT (139.6998012 35.6516015)
1548574663,35.6511753,139.704973,,1,,POINT (139.704973 35.6511753)
1548574669,35.6511841,139.7046979,,1,,POINT (139.7046979 35.6511841)
1548574703,35.6512465,139.7050186,,3,,POINT (139.7050186 35.6512465)
1548574752,35.6513218,139.705073,,1,,POINT (139.705073 35.6513218)
1548574889,35.651519,139.7040894,,3,,POINT (139.7040894 35.651519)
1548575009,35.6516697,139.7041906,,3,,POINT (139.7041906 35.6516697)
1548575174,35.6518962,139.7055737,,1,,POINT (139.7055737 35.6518962)
1548575208,35.6519779,139.7054661,,3,,POINT (139.7054661 35.6519779)
1548575347,35.6522823,139.7046082,,3,,POINT (139.7046082 35.6522823)
1548575451,35.6526876,139.704863,,3,,POINT (139.704863 35.6526876)
1550080821,35.6487972,139.7015708,,3,,POINT (139.7015708 35.6487972)
1550081241,35.6496564,139.7043298,,3,,POINT (139.7043298 35.6496564)
1550081955,35.6507632,139.7032811,,3,,POINT (139.7032811 35.6507632)
1553234269,35.6497357,139.7053404,,3,,POINT (139.7053404 35.6497357)
1553234453,35.6504047,139.6917102,,3,,POINT (139.6917102 35.6504047)
1553234463,35.6504307,139.6908519,,3,,POINT (139.6908519 35.6504307)
1553234602,35.65082,139.6915538,,3,,POINT (139.6915538 35.65082)
1553234623,35.6508675,139.6905327,,3,,POINT (139.6905327 35.6508675)
1553234650,35.6510912,139.6911935,,3,,POINT (139.6911935 35.6510912)
1553234660,35.651141,139.6906167,,4,,POINT (139.6906167 35.651141)
1553234661,35.6512212,139.6903372,,3,,POINT (139.6903372 35.6512212)
1553234662,35.6513418,139.6900258,,4,,POINT (139.6900258 35.6513418)
1553234664,35.6515174,139.6919097,,3,,POINT (139.6919097 35.6515174)
1553234666,35.6516282,139.6910057,,1,,POINT (139.6910057 35.6516282)
1553234669,35.6518609,139.6911166,,3,,POINT (139.6911166 35.6518609)
1553234678,35.6518995,139.6908567,,3,,POINT (139.6908567 35.6518995)
1553234681,35.6519405,139.6905969,,3,,POINT (139.6905969 35.6519405)
1555345730,35.6459999,139.6956189,,3,,POINT (139.6956189 35.6459999)
1555345735,35.6460227,139.7000652,,3,,POINT (139.7000652 35.6460227)
1555345736,35.6460523,139.6981947,,3,,POINT (139.6981947 35.6460523)
1555345746,35.646198,139.6983668,,3,,POINT (139.6983668 35.646198)
1555345748,35.646291,139.6989896,,4,,POINT (139.6989896 35.646291)
1555345756,35.6464665,139.6962053,,3,,POINT (139.6962053 35.6464665)
1555345764,35.6464329,139.7018149,,3,,POINT (139.7018149 35.6464329)
1555345769,35.646555,139.6987517,,4,,POINT (139.6987517 35.646555)
1555345771,35.6467333,139.6964503,,3,,POINT (139.6964503 35.6467333)
1555345775,35.6469034,139.6981807,,3,,POINT (139.6981807 35.6469034)
1555345784,35.6470917,139.6991901,,3,,POINT (139.6991901 35.6470917)
1555345792,35.6471814,139.6957028,,4,,POINT (139.6957028 35.6471814)
1555345807,35.6473262,139.694623,traffic_signals,4,,POINT (139.694623 35.6473262)
1555345844,35.6480681,139.6982967,,1,,POINT (139.6982967 35.6480681)
1555345846,35.6481293,139.6941239,,4,,POINT (139.6941239 35.6481293)
1555345849,35.648164,139.6967087,,3,,POINT (139.6967087 35.648164)
1555345851,35.6482085,139.6976859,,3,,POINT (139.6976859 35.6482085)
1555345852,35.6482831,139.6977459,,3,,POINT (139.6977459 35.6482831)
1555345856,35.648323,139.6957948,,3,,POINT (139.6957948 35.648323)
1555345880,35.6485288,139.6970018,,3,,POINT (139.6970018 35.6485288)
1555345912,35.6491552,139.6940473,,3,,POINT (139.6940473 35.6491552)
1555345918,35.6491917,139.6939788,,3,,POINT (139.6939788 35.6491917)
1555345920,35.6492438,139.6967831,,4,,POINT (139.6967831 35.6492438)
1555345921,35.6492734,139.6951289,,4,,POINT (139.6951289 35.6492734)
1555345922,35.6493193,139.6957955,,3,,POINT (139.6957955 35.6493193)
1555345931,35.6495944,139.6962229,,3,,POINT (139.6962229 35.6495944)
1555345933,35.6496627,139.6966908,,3,,POINT (139.6966908 35.6496627)
1555345935,35.6496634,139.6961092,,3,,POINT (139.6961092 35.6496634)
1555345950,35.6510729,139.6898053,traffic_signals,5,,POINT (139.6898053 35.6510729)
1556927196,35.6463934,139.7053192,traffic_signals,4,,POINT (139.7053192 35.6463934)
1556927208,35.6465236,139.7043235,traffic_signals,4,,POINT (139.7043235 35.6465236)
1556927214,35.6465668,139.7023531,,3,,POINT (139.7023531 35.6465668)
1583437466,35.6461567,139.7016785,,3,,POINT (139.7016785 35.6461567)
1583437470,35.6467966,139.6941456,,4,,POINT (139.6941456 35.6467966)
1671325470,35.6624164,139.6974529,,1,,POINT (139.6974529 35.6624164)
1671325471,35.6624506,139.697417,,3,,POINT (139.697417 35.6624506)
1671325473,35.6625201,139.6973437,,1,,POINT (139.6973437 35.6625201)
1673403917,35.6633473,139.6968794,,1,,POINT (139.6968794 35.6633473)
1685220946,35.6558457,139.706003,,3,,POINT (139.706003 35.6558457)
1685220950,35.6562653,139.7054496,,3,,POINT (139.7054496 35.6562653)
1685220952,35.65649,139.7051572,,3,,POINT (139.7051572 35.65649)
1685220953,35.6568658,139.7047007,,3,,POINT (139.7047007 35.6568658)
1685220981,35.657981,139.7032849,,4,,POINT (139.7032849 35.657981)
1685220982,35.6581498,139.7031408,,4,,POINT (139.7031408 35.6581498)
1685220985,35.6585504,139.7029389,,3,,POINT (139.7029389 35.6585504)
1685220989,35.6595579,139.7024715,,4,,POINT (139.7024715 35.6595579)
1685221011,35.660395,139.7023641,,3,,POINT (139.7023641 35.660395)
1685221013,35.6610173,139.7023401,,3,,POINT (139.7023401 35.6610173)
1685221014,35.6618642,139.7022926,traffic_signals,4,,POINT (139.7022926 35.6618642)
1685221015,35.6626565,139.7022406,,3,,POINT (139.7022406 35.6626565)
1703022846,35.6505697,139.6846504,,3,,POINT (139.6846504 35.6505697)
1703022859,35.6503977,139.685149,,4,,POINT (139.685149 35.6503977)
1703069600,35.6504395,139.6860802,,4,,POINT (139.6860802 35.6504395)
1703069602,35.6500523,139.6866246,,3,,POINT (139.6866246 35.6500523)
1703069603,35.6499775,139.6860736,,3,,POINT (139.6860736 35.6499775)
1703069604,35.6502442,139.686356,,3,,POINT (139.686356 35.6502442)
1703069606,35.6505357,139.685264,,3,,POINT (139.685264 35.6505357)
1703069607,35.6490955,139.6890352,,3,,POINT (139.6890352 35.6490955)
1703069611,35.6507226,139.6851249,,1,,POINT (139.6851249 35.6507226)
1703069612,35.6495174,139.6890643,,4,,POINT (139.6890643 35.6495174)
1703069615,35.6500744,139.6850285,,3,,POINT (139.6850285 35.6500744)
1703069616,35.6490477,139.6903188,,3,,POINT (139.6903188 35.6490477)
1703073594,35.6470367,139.7014738,,2,,POINT (139.7014738 35.6470367)
1703079223,35.6513461,139.6891239,,5,,POINT (139.6891239 35.6513461)
1703079224,35.6510248,139.6886591,,3,,POINT (139.6886591 35.6510248)
1703080343,35.6501052,139.6903623,,3,,POINT (139.6903623 35.6501052)
1703082639,35.649777,139.6916872,,3,,POINT (139.6916872 35.649777)
1703090932,35.6485567,139.6934096,,3,,POINT (139.6934096 35.6485567)
1705811823,35.6552994,139.7012516,,3,,POINT (139.7012516 35.6552994)
1705811831,35.6558729,139.700583,,3,,POINT (139.700583 35.6558729)
1705811836,35.6558946,139.7005369,,3,,POINT (139.7005369 35.6558946)
1712241480,35.6485616,139.684162,,3,,POINT (139.684162 35.6485616)
1716268401,35.6485385,139.6838975,,3,,POINT (139.6838975 35.6485385)
1716268439,35.649892,139.6854924,,4,,POINT (139.6854924 35.649892)
1716268458,35.6479366,139.6901619,,3,,POINT (139.6901619 35.6479366)
1716268464,35.6496614,139.6863312,,3,,POINT (139.6863312 35.6496614)
1716268473,35.6486306,139.6897881,,3,,POINT (139.6897881 35.6486306)
1723190262,35.6533263,139.6918627,,3,,POINT (139.6918627 35.6533263)
1723190265,35.6532002,139.6906692,,3,,POINT (139.6906692 35.6532002)
1896544027,35.6469118,139.6954721,,3,,POINT (139.6954721 35.6469118)
1896544029,35.6468552,139.6954207,,3,,POINT (139.6954207 35.6468552)
1896544050,35.6473877,139.6946806,traffic_signals,4,,POINT (139.6946806 35.6473877)
1896554702,35.6482303,139.693112,,3,,POINT (139.693112 35.6482303)
1896554705,35.6482888,139.6931649,,3,,POINT (139.6931649 35.6482888)
1896554706,35.6478601,139.6938849,traffic_signals,4,,POINT (139.6938849 35.6478601)
1902292544,35.6547143,139.6902053,,1,,POINT (139.6902053 35.6547143)
1902782267,35.6465315,139.6960956,traffic_signals,3,,POINT (139.6960956 35.6465315)
1913640126,35.654886,139.6939964,,3,,POINT (139.6939964 35.654886)
1931899052,35.6592588,139.7034252,,1,,POINT (139.7034252 35.6592588)
2016105219,35.6466203,139.6995728,,3,,POINT (139.6995728 35.6466203)
2016105220,35.6473592,139.6985109,,3,,POINT (139.6985109 35.6473592)
2021391983,35.6583137,139.7003442,,3,,POINT (139.7003442 35.6583137)
2024439721,35.6460183,139.6939162,,3,,POINT (139.6939162 35.6460183)
2024439724,35.6460877,139.6896099,,3,,POINT (139.6896099 35.6460877)
2024443930,35.6471691,139.6891676,,3,,POINT (139.6891676 35.6471691)
2067957961,35.6508796,139.6896318,,3,,POINT (139.6896318 35.6508796)
2067957966,35.6516346,139.6895588,,3,,POINT (139.6895588 35.6516346)
2067957967,35.6516306,139.6880185,,1,,POINT (139.6880185 35.6516306)
2067957970,35.6540502,139.6894521,,1,,POINT (139.6894521 35.6540502)
2067957972,35.6540867,139.6891795,,3,,POINT (139.6891795 35.6540867)
2067957982,35.6543289,139.6895015,,1,,POINT (139.6895015 35.6543289)
2067957983,35.6543405,139.6892768,,3,,POINT (139.6892768 35.6543405)
2067957984,35.6548497,139.6899197,,3,,POINT (139.6899197 35.6548497)
2067957988,35.6550329,139.6897546,,3,,POINT (139.6897546 35.6550329)
2067957989,35.6550549,139.6892902,,3,,POINT (139.6892902 35.6550549)
2067957991,35.6568166,139.6908041,,3,,POINT (139.6908041 35.6568166)
2067979890,35.6518328,139.6889248,,3,,POINT (139.6889248 35.6518328)
2067979923,35.6519834,139.6884587,,3,,POINT (139.6884587 35.6519834)
2067979936,35.6523008,139.6895242,,3,,POINT (139.6895242 35.6523008)
2067979937,35.6523155,139.6890591,,3,,POINT (139.6890591 35.6523155)
2068039600,35.6485937,139.6846744,,1,,POINT (139.6846744 35.6485937)
2068039604,35.6486489,139.6841425,,3,,POINT (139.6841425 35.6486489)
2068039622,35.64946,139.6859787,,3,,POINT (139.6859787 35.64946)
2068039637,35.6497246,139.6860838,,3,,POINT (139.6860838 35.6497246)
2068039687,35.650023,139.6850076,,3,,POINT (139.6850076 35.650023)
2068039706,35.6501806,139.6850723,,3,,POINT (139.6850723 35.6501806)
2068039714,35.6502258,139.6844236,,3,,POINT (139.6844236 35.6502258)
2069261638,35.6498284,139.6854392,,3,,POINT (139.6854392 35.6498284)
2069261647,35.649566,139.6857704,,1,,POINT (139.6857704 35.649566)
2069261654,35.6497878,139.6858605,,3,,POINT (139.6858605 35.6497878)
2097653192,35.6523492,139.6941916,,3,,POINT (139.6941916 35.6523492)
2097665372,35.6464641,139.7040839,,3,,POINT (139.7040839 35.6464641)
2133261504,35.6514756,139.6858069,,3,,POINT (139.6858069 35.6514756)
2133261529,35.6515749,139.685563,,3,,POINT (139.685563 35.6515749)
2133261617,35.651815,139.6842553,,1,,POINT (139.6842553 35.651815)
2133261694,35.6521208,139.6852619,,1,,POINT (139.6852619 35.6521208)
2134395097,35.649357,139.6840851,,3,,POINT (139.6840851 35.649357)
2134395176,35.6494957,139.6847654,,1,,POINT (139.6847654 35.6494957)
2134395204,35.6495283,139.6846524,,3,,POINT (139.6846524 35.6495283)
2134395267,35.649651,139.6842267,,3,,POINT (139.6842267 35.649651)
2138385688,35.6582735,139.7043812,,4,,POINT (139.7043812 35.6582735)
2138385690,35.6582846,139.7044925,,3,,POINT (139.7044925 35.6582846)
2214102203,35.6574052,139.7046128,,3,,POINT (139.7046128 35.6574052)
2223720661,35.6530928,139.6896378,,3,,POINT (139.6896378 35.6530928)
2223720671,35.6535404,139.6894962,,3,,POINT (139.6894962 35.6535404)
2229857755,35.6492692,139.6866912,,3,,POINT (139.6866912 35.6492692)
2229857756,35.6486491,139.6864763,,3,,POINT (139.6864763 35.6486491)
2253570393,35.6563755,139.6985894,,3,,POINT (139.6985894 35.6563755)
2253585427,35.6567967,139.701613,traffic_signals,3,331-133,POINT (139.701613 35.6567967)
2360725237,35.6508807,139.6852115,,3,,POINT (139.6852115 35.6508807)
2360725239,35.6524224,139.6881399,traffic_signals,3,,POINT (139.6881399 35.6524224)
2397979255,35.6600673,139.7053749,,3,,POINT (139.7053749 35.6600673)
2397979280,35.6598319,139.7056283,,3,,POINT (139.7056283 35.6598319)
2404973239,35.6538186,139.6934479,crossing,3,,POINT (139.6934479 35.6538186)
2631991489,35.6463767,139.7049169,,3,,POINT (139.7049169 35.6463767)
2674504690,35.6581583,139.7047876,,3,,POINT (139.7047876 35.6581583)
2806173910,35.6592654,139.6973162,,1,,POINT (139.6973162 35.6592654)
2863969750,35.6500598,139.7031192,,3,,POINT (139.7031192 35.6500598)
2863969760,35.6512479,139.6936343,,3,,POINT (139.6936343 35.6512479)
2866946988,35.6545535,139.6920679,,1,,POINT (139.6920679 35.6545535)
2866946992,35.6571865,139.6944794,,3,,POINT (139.6944794 35.6571865)
2866946994,35.6574083,139.6942711,,1,,POINT (139.6942711 35.6574083)
2866946995,35.6574271,139.6944557,,3,,POINT (139.6944557 35.6574271)
2866946997,35.6578986,139.696486,,3,,POINT (139.696486 35.6578986)
2866947401,35.6583355,139.6955282,,3,,POINT (139.6955282 35.6583355)
2866947402,35.6583449,139.6960833,,3,,POINT (139.6960833 35.6583449)
2866947406,35.6585993,139.6964849,,3,,POINT (139.6964849 35.6585993)
2866947424,35.663454,139.6954227,traffic_signals,3,,POINT (139.6954227 35.663454)
2866947425,35.6634856,139.6949988,,1,,POINT (139.6949988 35.6634856)
2990668088,35.6579963,139.7005725,,3,,POINT (139.7005725 35.6579963)
3017328715,35.655994,139.6950876,,3,,POINT (139.6950876 35.655994)
3017328718,35.6586754,139.689565,,1,,POINT (139.689565 35.6586754)
3174589505,35.6558923,139.6967278,,3,,POINT (139.6967278 35.6558923)
3174589506,35.6561884,139.6974549,motorway_junction,3,303,POINT (139.6974549 35.6561884)
3174589508,35.6556316,139.6953297,,3,,POINT (139.6953297 35.6556316)
3174589518,35.6561727,139.6969796,motorway_junction,3,303,POINT (139.6969796 35.6561727)
3347417413,35.6485621,139.6979584,,3,,POINT (139.6979584 35.6485621)
3387909707,35.6500715,139.6906508,motorway_junction,3,,POINT (139.6906508 35.6500715)
3387909708,35.6500324,139.6905701,motorway_junction,3,,POINT (139.6905701 35.6500324)
3390239296,35.6518728,139.6878198,,3,,POINT (139.6878198 35.6518728)
3397902459,35.6520895,139.6925458,,1,,POINT (139.6925458 35.6520895)
3608572614,35.6567464,139.6984204,,3,,POINT (139.6984204 35.6567464)
3790205548,35.663612,139.7022022,traffic_signals,3,,POINT (139.7022022 35.663612)
3809337791,35.6466637,139.7024136,traffic_signals,5,,POINT (139.7024136 35.6466637)
3809337804,35.6494619,139.6983042,traffic_signals,4,,POINT (139.6983042 35.6494619)
3809337808,35.6508364,139.6967777,,3,,POINT (139.6967777 35.6508364)
3809337811,35.6538688,139.6933526,,4,,POINT (139.6933526 35.6538688)
3809337812,35.6540721,139.6931803,,4,,POINT (139.6931803 35.6540721)
3809337815,35.6533535,139.6939638,,3,,POINT (139.6939638 35.6533535)
3809337821,35.6519463,139.6955274,,3,,POINT (139.6955274 35.6519463)
3809337823,35.6488435,139.6991768,,3,,POINT (139.6991768 35.6488435)
3809337824,35.6503382,139.6973239,,3,,POINT (139.6973239 35.6503382)
3854029357,35.6582534,139.7050949,motorway_junction,3,302,POINT (139.7050949 35.6582534)
3966038002,35.6505268,139.6971223,,3,,POINT (139.6971223 35.6505268)
3966038009,35.6516609,139.6970433,,3,,POINT (139.6970433 35.6516609)
3966038094,35.647685,139.6979048,,3,,POINT (139.6979048 35.647685)
4122018826,35.6468354,139.6972581,,3,,POINT (139.6972581 35.6468354)
4213654395,35.6621344,139.6879265,,1,,POINT (139.6879265 35.6621344)
4213654405,35.6614553,139.6877339,,1,,POINT (139.6877339 35.6614553)
4314838448,35.6487906,139.6936232,,4,,POINT (139.6936232 35.6487906)
5199462903,35.6465138,139.7034379,,3,,POINT (139.7034379 35.6465138)
5244745709,35.6596029,139.7003382,crossing,1,,POINT (139.7003382 35.6596029)
5663085687,35.6512504,139.6882035,,3,,POINT (139.6882035 35.6512504)
5685123294,35.650861,139.6850478,,3,,POINT (139.6850478 35.650861)
5755495476,35.6631366,139.6878201,,3,,POINT (139.6878201 35.6631366)
5787345704,35.6571583,139.7043131,traffic_signals,4,,POINT (139.7043131 35.6571583)
6093849052,35.6553345,139.6875492,,3,,POINT (139.6875492 35.6553345)
6093850172,35.6548001,139.6877779,,3,,POINT (139.6877779 35.6548001)
6093923049,35.6542368,139.6892371,,3,,POINT (139.6892371 35.6542368)
7018245768,35.6573235,139.6853229,,1,,POINT (139.6853229 35.6573235)
7018245769,35.6575944,139.68539,,4,,POINT (139.68539 35.6575944)
7018245770,35.6577546,139.6854291,,3,,POINT (139.6854291 35.6577546)
7160486512,35.6515791,139.6869981,,3,,POINT (139.6869981 35.6515791)
7197679063,35.6494653,139.6912881,,3,,POINT (139.6912881 35.6494653)
7197679070,35.6489152,139.6919675,,3,,POINT (139.6919675 35.6489152)
7197679071,35.6491844,139.6914293,,4,,POINT (139.6914293 35.6491844)
7545135675,35.6611531,139.688381,,3,,POINT (139.688381 35.6611531)
7545708778,35.6535486,139.6896754,,4,,POINT (139.6896754 35.6535486)
7545737926,35.6609115,139.6885545,,3,,POINT (139.6885545 35.6609115)
7545737940,35.6565716,139.6909159,,3,,POINT (139.6909159 35.6565716)
7549622953,35.6540132,139.6897659,motorway_junction,3,,POINT (139.6897659 35.6540132)
7551348731,35.6513749,139.6897435,,3,,POINT (139.6897435 35.6513749)
7551348741,35.6509836,139.6896418,,4,,POINT (139.6896418 35.6509836)
7596200675,35.6569983,139.6912471,,4,,POINT (139.6912471 35.6569983)
7596347448,35.6592297,139.6940466,,3,,POINT (139.6940466 35.6592297)
7597602754,35.6465795,139.7024979,,3,,POINT (139.7024979 35.6465795)
8016547845,35.6620738,139.6967587,,3,,POINT (139.6967587 35.6620738)
8218458786,35.6471503,139.6991402,,3,,POINT (139.6991402 35.6471503)
8755499246,35.6605825,139.6885956,,3,,POINT (139.6885956 35.6605825)
8755499253,35.6607769,139.6886292,,3,,POINT (139.6886292 35.6607769)
8755499262,35.6609286,139.6883116,,3,,POINT (139.6883116 35.6609286)
8941498486,35.6626161,139.6875773,,3,,POINT (139.6875773 35.6626161)
9518528858,35.6592731,139.7003513,,3,,POINT (139.7003513 35.6592731)
9518528864,35.6592379,139.7005032,,3,,POINT (139.7005032 35.6592379)
9698257844,35.6633352,139.7012441,traffic_signals,3,,POINT (139.7012441 35.6633352)
10029266269,35.659311,139.6890413,,1,,POINT (139.6890413 35.659311)
10029266270,35.6586272,139.689369,,3,,POINT (139.689369 35.6586272)
10103318008,35.663001,139.6948324,,3,,POINT (139.6948324 35.663001)
10219242888,35.6573166,139.7009365,,4,331-32,POINT (139.7009365 35.6573166)
10219242889,35.6572953,139.7008727,,3,331-32,POINT (139.7008727 35.6572953)
10648289041,35.6579848,139.7005065,,3,,POINT (139.7005065 35.6579848)
11387427658,35.6571266,139.7009986,crossing,3,331-32,POINT (139.7009986 35.6571266)
11407687534,35.6559104,139.6919791,,3,,POINT (139.6919791 35.6559104)
11407687541,35.6562974,139.6920118,,3,,POINT (139.6920118 35.6562974)
11407687543,35.6562472,139.6924807,,1,,POINT (139.6924807 35.6562472)
11533330032,35.6471642,139.7020921,,3,,POINT (139.7020921 35.6471642)
11799941988,35.6558038,139.7030693,,2,,POINT (139.7030693 35.6558038)
11906773427,35.6519682,139.6895415,,3,,POINT (139.6895415 35.6519682)
11906773429,35.6518224,139.6888722,,1,,POINT (139.6888722 35.6518224)
11906773431,35.6509964,139.6894893,,3,,POINT (139.6894893 35.6509964)
11943933728,35.65397,139.6896812,,3,,POINT (139.6896812 35.65397)
12142447651,35.6570282,139.6945454,,3,,POINT (139.6945454 35.6570282)
